Title,Description
Digital Detox,"Die Digitalisierung hat unser gesamtes Leben völlig neu geprägt. Sie hat viele positive Seiten, aber auch negative Folgen wie Stress und Konzentrationsstörungen. In diesem eLearning analysieren Sie die Ursachen der digitalen Belastung und erhalten Tipps, wie Sie mit den Folgen der dauerhaften Erreichbarkeit umgehen können. Außerdem werden Sie mehrere Möglichkeiten kennenlernen und ausprobieren, mit denen Sie zurück in die Entspannung finden können. Außerdem können Sie mit unserem Digital-Detox-Notfallkoffer unmittelbar digitale Belastung erkennen und bekommen Werkzeuge an die Hand, mit denen Sie direkt etwas dagegen tun können.

Lernziele
- Sie (er)kennen die Ursachen der digitalen Belastung wie Multitasking, störenden Unterbrechungen und sofortige Belohnung und können hiermit bewusst umgehen.
- Sie analysieren Ihre Nutzung von digitalen Medien und Endgeräten.
- Sie entwickeln Strategien für einen bewussteren Umgang mit digitalen Medien und Endgeräten und nutzen Digital-Detox-Strategien.
- Sie können mit den Folgen der Digitalisierung und dauerhaften Erreichbarkeit (besser) umgehen.
- Sie identifizieren mögliche digitalfreie Räume und Zeiten.
- Sie finden bewusst zurück in die Entspannung.       
 "
Infoflut bewältigen - Zeit gewinnen,"Mails, Tweets und Posts, dazu Branchennews und Nachrichten – werden Sie der täglichen Informationsflut Herr. Lernen Sie, mit gezielten Techniken nur die relevanten Themen herauszufiltern, effizient zu verarbeiten und bei Bedarf wieder abzurufen. Alles andere wandert in den Papierkorb.

Lernziele
Ihr Grundlesetempo ist schneller.
Ihr Text- und Leseverständnis ist besser als vorher.
Sie können das Gelesene besser erinnern und gespeicherte Informationen schnell wiederfinden.
Sie beherrschen verschiedene Entspannungstechniken, um konzentrierter Informationen aufzunehmen."
Stressmanagement,"Wann fühlen Sie sich in Ihrem beruflichen und privaten Alltag so richtig gestresst? Wenn Sie einen Termin nicht halten können? Wenn es mit dem/der Chef*in oder den Kolleg*innen knirscht? Mit diesem eLearning identifizieren Sie, was bei Ihnen Stress auslöst und erfahren, was Ihre Werte und Emotionen damit zu tun haben. Am Ende wissen Sie, was bei Stress im Körper passiert und Ihnen wird klar, wo Sie ansetzen müssen, um Stress zu bewältigen. Tipps und Übungen helfen Ihnen dabei, Ihren persönlichen Weg aus dem Stress zu finden und künftige Herausforderungen besser zu meistern. Des Weiteren zeigt Ihnen das eLearning die Ursachen und Anzeichen für ein Burnout-Syndrom auf und es werden Methoden vermittelt, um diesem vorzubeugen.

Lernziele
Sensibilisierung für die Entstehung und Bewältigung von Stress.
Grundverständnis von körperlichen Stressreaktionen und der Rolle von Stressoren.
Erkennen persönlicher Stressauslöser und Stressfolgen.
Reflexion über die individuelle Auswirkung von Stress.
Verbessern der Wahrnehmung von Stresssignalen.
Anwenden von Methoden zur Stressbewältigung.
Ursachen und Anzeichen für ein Burnout-Syndrom.
Methoden, um ein Burnout zu vermeiden."
Kreatives Zeitmanagement - Aufgaben typgerecht meistern,"Zeitmanagement ist in der heutigen, komplexen, schnellen und flexiblen Arbeitswelt unverzichtbar geworden. Doch wie soll mit den Aufgaben und Verpflichtungen umgegangen werden, die auf einen hereinstürmen? Was kann getan werden, um einen optimalen Ausgleich zwischen Beruf und Privatleben herzustellen? Wie können die eigenen Ressourcen und Kompetenzen optimal eingesetzt werden? Wie können Ziele erreicht werden, ohne dabei auszubrennen? Zeitmanagement bedeutet, gesund und gelassen die täglichen Aufgaben zu schaffen und dabei Freiraum für die wichtigen und schönen Dinge im Leben zu finden. Mit diesem eLearning können Sie einen eigenen Typencheck durchführen und erhalten individuelle Tipps für ein optimales Zeitmanagement, passend zu Ihrem Organisationstyp.

Lernziele
- Sie wissen, was Sie machen können, um mit Spaß, Zufriedenheit und Glück durch Ihren Alltag zu gehen.
- Sie können Stresssituationen entzerren und Druck vermeiden.
- Sie kennen Ihre eigenen Zeitdiebe und wissen, was Sie gegen diese unternehmen können.
- Sie haben die Flut an Aufgaben und Verpflichtungen in Ihrem Alltag im Griff.
- Sie erkennen Prioritäten und können diese auch umsetzen.
- Sie kennen verschiedene Möglichkeiten, Ihre Aufgaben und Termine erfolgreich zu planen.
- Sie wissen, dass Sie sich auch Raum und Zeit für die schönen Dinge im Leben schaffen müssen und wissen, wie Sie dies angehen können.
- Sie meistern effektiv und produktiv Ihr tägliches Pensum."
Resilienz,"Manche Menschen gehen gestärkt aus Krisen hervor, während andere daran förmlich zerbrechen. Der Unterschied liegt in der Resilienz, einer Widerstandskraft, mit der Sie Belastungen besser überstehen und der aufreibenden Arbeitswelt gelassener gegenübertreten. Erfahren Sie hier, wie Sie Herausforderungen meistern, ohne körperlich und seelisch Schaden zu nehmen.

Lernziele
- Sie können Ihre Stimmungslage bewusster erkennen und ein Aufschaukeln negativer Emotionen vermeiden.
- Sie nehmen Erfolge bewusster wahr und erfahren mehr Selbstbestätigung.
- Sie sind sich Ihrer eigenen Stärken bewusst und entwickeln eine positive Haltung sich selbst gegenüber.
- Sie wissen, wie Ihre körperliche Haltung Ihre geistige Haltung beeinflusst und wie Sie dies für sich nutzen können.
- Sie holen sich gezielt Rat und nutzen die Stärken anderer, wenn Sie nicht mehr weiterkommen.
- Sie besitzen durch Wertschätzung eine positive Auswirkung auf sich selbst und Ihr Umfeld."
Homeoffice meistern ,"Die Arbeit im Homeoffice erfordert ein hohes Maß an Selbstorganisation. Erfahren Sie in diesem eLearning, wie Sie sich im Homeoffice besser organisieren und Ihre Produktivität steigern. Prüfen Sie mit dem Selbsttest, ob Sie mit der Arbeit im Homeoffice gut zurecht kommen oder was Sie verändern müssen. Nutzen Sie Ihre Arbeitszeit auch zuhause optimal.

Lernziele:
- Sie verstehen, welche Vorteile Homeoffice bietet und können einschätzen, wo für Sie Schwierigkeiten liegen können.
- Sie können Rahmenbedindungen für effizientes Arbeiten im Homeoffice schaffen.
- Sie können Störfaktoren gezielt eliminieren und Ihre Produktivität steigern.
- Sie können Ihren Arbeitsplatz sinnvoll einrichten."
Lernstrategien,"In diesem eLearning lernen Sie, wie unser Gehirn funktioniert und wie es Höchstleistungen bringen kann. Dabei lösen wir schulisch konditionierte Glaubenssätze auf, erklären komplexe Zusammenhänge sehr einfach und zeigen konkrete Methoden und Tricks, wie das Lernen natürlicher wird und auch endlich wieder Spaß macht.

Lernziele
Sie wissen wie Ihr Gehirn funktioniert und welcher Lerntyp Sie sind.
- Sie können 2 Memotechniken anwenden, mit denen Sie sich an Inhalte langfristig erinnern.
- Sie wissen was Speed und was Selective reading bedeutet und können beide Methoden anwenden."
Hygiene am Arbeitsplatz,"Hygiene am Arbeitsplatz gewinnt in Zeiten von Corona und Co. eine besondere Brisanz – nicht nur für jeden einzelnen Mitarbeiter, sondern auch für Unternehmen. Denn Krankheitswellen können enormen wirtschaftlichen Schaden anrichten.

Durch ein gesteigertes Hygiene-Bewusstsein der gesamten Belegschaft lassen sich diese Risiken abfedern und die Gesundheit der wertvollsten Unternehmensressource erhalten.

Lernziele
- Sie lernen, welche Viren und Bakterien am Arbeitsplatz „lauern“.
- Sie erfahren, warum Ihre Hände Risikofaktor Nr. 1 sind.
- Sie lernen, wie Sie sich effektiv vor einer Ansteckung schützen können.
- Sie wissen, wo Sie stets aktuelle Informationen über Corona & Co. finden."
Korruptionsprävention,"Korruption kann in vielen Bereichen des Geschäftslebens auftauchen. Der Erfolg eines Unternehmens ist eng mit dem Vertrauen der Kunden und der Öffentlichkeit in die Integrität eines Unternehmens verknüpft. Alle Mitarbeiter müssen erkennen können, wann es sich um Korruption handelt und in welchen Situationen sie besonders vorsichtig und umsichtig sein müssen. Dieses eLearning hilft Ihnen, alle Mitarbeiter im Unternehmen für Korruptionsvergehen im Geschäftsalltag zu sensibilisieren. So können Sie Haftungsrisiken und Strafen vermeiden.

Lernziele
- Die Mitarbeiter wissen, was Korruption ist.
- Die Mitarbeiter kennen die Folgen, mit denen derjenige rechnen muss, der besticht oder sich bestechen lässt.
- Sie kennen die Sorgfaltspflichten zur Verhinderung von Korruption im Unternehmen.
- Die Mitarbeiter wissen, was sie ganz persönlich zur Verhinderung von Korruption beitragen können."
"Geschenke, Einladungen, Spenden und Sponsoring","Geschenke und Einladungen gehören zum Geschäftsleben. Aber seit vermehrt Fälle von Bestechung und Vorteilsnahme die Gerichte beschäftigen, sind viele Mitarbeiter im Unternehmen verunsichert: Kann man einen Geschäftspartner noch zum Essen einladen? Ist ein Geschenk als Dank für die Zusammenarbeit angemessen oder bringt man sich und ihn damit in Schwierigkeiten? Dieses Training unterstützt Ihre Mitarbeiter dabei zu entscheiden, was zulässig ist, wo besondere Vorsicht geboten ist und was man besser unterlassen sollte. So können alle im Unternehmen sicher mit Geschenken und Einladungen umgehen.

Lernziele
- Ihre Mitarbeiter lernen die wichtigsten Regeln, die beim Umgang mit Geschenken und Einladungen zu beachten sind.
- Sie wissen, wo die Grenze zwischen einer legitimen Beziehungspflege und einer Handlung liegt, die unter Umständen strafbar sein kann.
- Ihre Mitarbeiter können sichere Entscheidungen in Bezug auf das Thema Geschenke und Einladungen treffen und Interessenkonflikte vermeiden."
AGG für Mitarbeiter,"Jeder Mensch ist einzigartig und damit immer irgendwie anders als andere. Im Arbeitsleben will das Allgemeine Gleichbehandlungsgesetz davor schützen, dass Menschen unberechtigt benachteiligt werden, nur weil sie „anders” sind. Arbeitgeber sind dazu verpflichtet, ihre Mitarbeiter und Führungskräfte zum Allgemeinen Gleichbehandlungsgesetz zu informieren und zu schulen. Unterstützen Sie Ihre Mitarbeiter bei deren Beitrag für ein tolerantes und benachteiligungsfreies Miteinander am Arbeitsplatz.

Lernziele
- Ihre Mitarbeiter wissen, wie sie Benachteiligungen am Arbeitsplatz vermeiden und sich davor schützen können.
- Ihre Mitarbeiter kennen die Benachteiligungen und wissen, was verboten ist.
- Ihre Mitarbeiter kennen die zulässigen Ausnahmen und wissen, was erlaubt ist.
- Ein benachteiligungsfreies Arbeitsumfeld: Jeder Mitarbeiter weiß, was er dafür tun kann."
AGG für Führungskräfte,"Führungskräfte, die eine Vielzahl an Menschen in einem Unternehmen koordinieren, bewegen sich auf einem schmalen Grat zwischen legitimer Ungleichbehandlung und unerlaubter Benachteiligung. Das eLearning ""AGG für Führungskräfte"" klärt Ihre Führungskräfte über das Allgemeine Gleichbehandlungsgesetz auf und gibt ihnen das notwendige Wissen an die Hand, um diskriminierende Benachteiligung am Arbeitsplatz sowie zulässige Ausnahmen zu erkennen und inakzeptable Benachteiligungen zu verhindern.

Lernziele
- Ihre Führungskräfte sind sich ihrer eigenen Verantwortung sowie ihrer Rechte und Pflichten bewusst.
- Anhand praxisnaher Beispiele erfahren Ihre Führungskräfte, wie sie Benachteiligungen am Arbeitsplatz vorbeugen können.
- Ihre Führungskräfte wissen, welche Maßnahmen im Falle einer Benachteiligung zu ergreifen sind.
- Ihre Führungskräfte wissen, in welchen Ausnahmefällen Ungleichbehandlungen zulässig sind.
- Ihre Führungskräfte können sich und ihre Mitarbeiter in der Bewerbungsphase, während der Arbeitszeit und im Rahmen einer Kündigung vor Benachteiligungen schützen."
Markt- und Wettbewerbsanalysen - NEU,"Ob als Start-up oder etablierte Marke: Mit Ihren Produkten oder Dienstleistungen stehen Sie in einem dynamischen Wettbewerb mit vielen anderen, innovationsgetriebenen Anbietern. Kennt der Markt Sie bereits gut? Wissen Ihre Kunden, für was Sie stehen? Verstehen sie Ihre Werbebotschaften? Und richten Sie Ihre Marketingstrategien an den Bedürfnissen der Kunden aus?
Wenn Sie diese Fragen noch nicht beantworten können, sind Sie hier genau richtig. Erfahren Sie, woran Sie Ihre eigene Marktposition festmachen können und wie Sie sich vom Wettbewerb differenziert bekommen. Verstehen Sie Ihre Chancen im Markt und lernen Sie Ihre potenziellen Kunden besser kennen.
Nur so können Sie Strategien entwickeln, um sich auch für den Markt der Zukunft zu wappnen und sich innovativ und kundenorientiert weiterzuentwickeln.

Lernziele
- Sie verstehen, warum Marktanalysen für Ihre Produkte bzw. Ihre Marke relevant sind, um nicht im Blindflug unterwegs zu sein.
- Sie können in Kennzahlen darstellen, welche Position Sie bereits im Markt einnehmen und welches Potenzial sich für Ihr Produkt oder Ihre Marke noch ergibt.
- Sie ermitteln Schritt für Schritt Ihre eigene Markenbekanntheit und passen Ihre Positionierung zielgerichtet an.
- Sie führen Konzept- und Produkttests durch und können neue, innovative Ideen direkt am Kunden ausprobieren, bevor Sie lange in die falsche Richtung entwickeln.
- Sie wissen, woher Sie Daten für Ihre Analysen bekommen."
Digitale Megatrends der Zukunft,"Big Data, Internet of Things, Blockchain – das sind Begriffe, die Ihnen bestimmt schon oft begegnet sind. Die Digitalisierung ist in Ihrem Alltag schon angekommen und wird sich auch auf Ihren Job auswirken. Aber verstehen Sie eigentlich die Konzepte, die hinter den digitalen Megatrends stecken?

Lernziele
- Sie wissen welche digitalen Megatrends es gibt.
- Sie verstehen wie die Megatrends sich bereits auf den Alltag auswirken.
- Sie erfahren wohin sich die Trends entwickeln werden.
- Sie verstehen dass Sie sich vor der Digitalisierung nicht verstecken können.
- Sie erkennen die Chancen, die Ihnen die Digitalisierung bietet.
- Sie verstehen die Konzepte hinter den Trends."
Digitale Transformation: Mehrwert schaffen,"Digitale Transformation bringt viele neue Möglichkeiten mit sich, die Ihr Unternehmen noch effizienter agieren lassen. Doch was heißt eigentlich digitale Transformation? Und was sind die aktuellen Trends, mit denen es gelingt, Mehrwert für Angebote zu schaffen? Dies und mehr erfahren Sie in diesem Kurs.

Lernziele
- Sie kennen die Vorteile der digitalen Transformation und können diese erklären.
- Sie kennen die 10 Megatrends der Digitalisierung."
Mehr Tempo durch Digitalisierung,"Digitale Transformation birgt das Potential, Tempo in Ihre Organisation zu bringen. Geschwindigkeit ist wichtig, um am Markt erfolgreich zu sein und zu bleiben. Wie Sie das Tempo innerhalb Ihrer Organisation erhöhen und weiterhin auf Erfolgskurs bleiben, erfahren Sie in diesem Kurs.

Lernziele
- Sie können die Chancen von mehr Tempo in unternehmerischen Prozessen erklären.
- Sie können Ihre Arbeitsprozesse effizienter und schneller gestalten."
Neue Konzepte für die digitale Transformation,"Neue Tools und Methoden unterstützen Sie und Ihr Unternehmen dabei die digitale Transformation erfolgreich zu meistern. In diesem Kurs erhalten Sie einen Überblick von Design Thinking bis Agilität, um fundiert mitreden zu können.

Lernziele:
- Sie kennen die Grundlagen des agilen Arbeitens und können diese erklären.
- Sie wissen was ""Minimum Viable Product"" und das Konzept ""Lean"" sowie die Methoden ""Design Thinking"", ""Scrum"" und ""Kanban"" bedeuten und können diese erklären."
Basiswissen BWL,"Grundlagenwissen im Bereich BWL ist für jeden Mitarbeiter wichtig, um die Organisationseinheit Unternehmen besser zu verstehen und kostengünstiger arbeiten zu können. Mit unserem eLearning können Ihre Mitarbeiter dieses Wissen erwerben bzw. festigen. So kennen alle Mitarbeiter Grundzüge der Betriebswirtschaftslehre und können damit ihren Beitrag zum Unternehmenserfolg leisten!

Lernziele
- Sie wissen, was ein Geschäftszweck ist und kennen die einzelnen Unternehmensformen.
- Sie lernen das Kostencontrolling kennen, d. h. welche Kosten und Kostenarten entstehen im Unternehmen.
- Sie lernen die Kennzahlenanalyse, -berechnung und die richtige Verwendung der Kennzahlen kennen.
- Sie lernen den Aufbau einer Bilanz und die Gewinn- und Verlustrechnung kennen."
Controlling Basiswissen,"Für alle Mitarbeiter, die mit planenden, steuernden und koordinierenden Aufgaben betraut sind, sind Kenntnisse des Controllings unverzichtbar. Mit unserem eLearning können Ihre Mitarbeiter dieses Wissen im Bereich Controlling erwerben bzw. festigen. So kennen alle Controlling als integrierten Managementprozess im Unternehmen und lernen die Umsetzung wichtiger Controlling-Instrumente und Tools in die betriebliche Praxis.

Lernziele
- Sie lernen, was man unter Controlling versteht und kennen die Aufgaben und Methoden des operativen und strategischen Controllings.
- Sie lernen die verschiedenen Kostenarten kennen und wissen, wie und wann Kostenstellen im Unternehmen zum Einsatz kommen.
- Sie wissen, welche Bestandteile ein Kalkulationsschema hat und wie eine Kalkulation grundlegend aufgebaut wird.
- Sie kennen die Bestandteile und den Aufbau einer Deckungsbeitragsrechnung und wissen, wie eine Break-Even-Analyse durchgeführt wird."
Digitale Wissensquellen effektiv nutzen,"Was im Privatleben schon selbstverständlich ist, wird in Zukunft auch im Beruf wichtiger: Fragen mit Hilfe von digitalen Wissensquellen schnell beantworten. Von der schnellen Google-Suche über Online-Kurse von Experten bis hin zu Videoanleitungen für Alltagsprobleme findet man online auf jede Frage eine Antwort.
In diesem Training lernen Sie, wie Sie die einzelnen Wissensquellen effektiv benutzen können, um Ihren Berufsalltag effizienter zu machen.

Lernziele:
 - Sie erfahren welche digitalen Wissensquellen es gibt.
 -  Sie lernen wie Sie diese Wissensquelle effektiv nutzen.
 -  Sie lernen gute Fragen für eine effiziente Suche zu formulieren.
 -  Sie erfahren wie Sie die Qualität von Antworten hinterfragen und bewerten."
Agile Methoden in Projekten - ein Überblick,"Projekte nehmen immer häufiger komplexe Züge an. Agile Methoden bieten hierfür Ansätze, mit diesen neuen Bedingungen umzugehen. Dieses eLearning vermittelt, ausgehend von den theoretischen Grundlagen des agilen Projektmanagements, alle wichtigen Arbeitsweisen, um Projekte agil anzugehen und voranzutreiben. Neben rein agilen Methoden, wie z. B. Scrum, werden auch verschiedene Mischtypen aufgezeigt.

Lernziele
- Sie kennen die Grundlagen des agilen Projektmanagements.
- Sie kennen die Unterschiede zwischen agilem und klassischem Projektmanagement.
- Sie kennen agile Grundprinzipien und haben verstanden, dass agil auch in Projekten außerhalb des IT-Umfelds funktionieren kann.
- Sie haben ein Bewusstsein für die Prozesse und Artefakte agiler Projekte.
- Sie kennen die verschiedenen Rollen in agilen Projekten.
- Sie kennen Stellschrauben, Chancen und Grenzen von agilen Projekten."
Arbeitsschutz im Büro,"Arbeitsunfälle ziehen nicht nur furchtbare Folgen für die Betroffenen nach sich, sondern verursachen auch bei Ihrem Unternehmen zusätzliche Kosten. Auch wenn Sie seit langer Zeit keine Unfälle mehr in Ihrem Unternehmen verzeichnen mussten, kann es trotzdem jederzeit zu Unfällen oder berufsbedingten Krankheiten kommen. Vermeiden Sie dies dank gut geschulter und sensibilisierter Mitarbeiter. Ihre Mitarbeiter erkennen mögliche Gefahren, können Unfälle vermeiden und wissen, wie sie sich richtig verhalten.

Lernziele
- Ihre Mitarbeiter kennen die Maßnahmen und Grundsätze, die es in Bezug auf Arbeitssicherheit im Büro gibt.
- Ihre Mitarbeiter wissen, wie sie ihre Büroarbeit sicher und gesund gestalten.
- Ihre Mitarbeiter lernen, wie sie Gefährdungen erkennen und diesen vorbeugen können.
- Ihre Mitarbeiter wissen, wie sie sich im Not- und Brandfall richtig verhalten."
Mobbing,"Das Bundesarbeitsgericht versteht unter Mobbing am Arbeitsplatz systematische Angriffe gegen Mitarbeiter*innen, die nicht nur einmalig, sondern über einen längeren Zeitraum stattfinden. Umgangssprachlich wird Mobbing auch als Psychoterror am Arbeitsplatz bezeichnet. In diesem eLearning lernen Sie, die Ursachen und Folgen von Mobbing zu verstehen und bewusst gegen Mobbing vorzugehen.

Lernziele
- Sie kennen die Ursachen und unterschiedlichen Formen von Mobbing.
- Sie wissen, welche Folgen Mobbing für die Beteiligten und das Unternehmen hat.
- Sie können Mobbingverhalten erkennen und gezielt eingreifen.
- Sie können Maßnahmen ergreifen, um Mobbing vorzubeugen."
Blended Learnings wirkungsvoll konzipieren,"Blended Learnings werden von Trainern und Personalern als DAS Lernformat mit dem größten Wachstumspotenzial gesehen.
Hierbei kommt das Beste aus Präsenz und digitalen Lerneinheiten zusammen, um den größtmöglichen Lernerfolg zu gewährleisten. Durch Blended-Learning-Szenarien ermöglichen Sie bedarfsgerechtes Lernen und orientieren sich im Idealfall an den konkreten Projekten der Teilnehmer. Lernen Sie in diesem eLearning Schritt für Schritt effektive Blended-Learning-Konzepte zu entwickeln.

Lernziele
- Sie wissen, was Blended Learning ist und kennen Mehrwert und Einsatzmöglichkeiten.
- Sie wissen, wie Sie in 10 Schritten ein nachhaltiges Blended-Learning-Konzept entwickeln.
- Sie kennen die Rahmenbedingungen, die es bei der Konzeption zu beachten gilt und warum.
- Sie wissen, wie Sie Lernziele aus dem Projektziel ableiten und können diese definieren.
- Sie können Lernbausteine gestalten und wissen, wann welches Lernformat Sinn ergibt.
- Sie wissen, was eine Learner Journey ist und können diese gestalten.
- Sie kennen Bedeutung und Methodenvielfalt des Social Learning und können diese in den Lernprozess integrieren.
- Sie kennen verschiedene Kommunikationskanäle und wissen, wie ein Kommunikationsleitfaden aufgebaut ist.
- Sie wissen, wie und durch welche Rollen ein Lernprozess begleitet werden kann und kennen den Mehrwert."
Aufgaben delegieren,"Delegieren bedeutet, Verantwortung und Kompetenz an Mitarbeiter zu übertragen. Dabei geht es nicht nur darum, kleinere Teilaufgaben zu übertragen, sondern auch um die Zuweisung von mehr Verantwortung und Entscheidungsbefugnis. Dies bringt jedoch nicht nur Vorteile mit sich, sondern birgt auch Risiken.

In diesem Training lernen Sie, Risiken der Delegation möglichst zu vermeiden und die Vorteile optimal zu nutzen.

Lernziele
- Sie wissen welche Aufgaben delegiert werden können.
- Sie können Aufgaben so verteilen, dass Mitarbeiter motiviert werden.
- Sie können Mitarbeiter richtig einschätzen und so Probleme vorausschauend vermeiden.
- Sie können sowohl schriftlich als auch mündlich souverän delegieren."
Entscheidungen treffen - in sechs Schritten zum Ziel,"Jeder Mensch trifft täglich viele Entscheidungen – auch Sie haben heute sicher schon viele kleine Entscheidungen getroffen. Manche Menschen wägen Entscheidungen lange ab, andere entscheiden häufig aus dem Bauch heraus. Meistens machen wir uns über Entscheidungsprozesse wenig Gedanken. Doch was tun Sie, wenn Sie im beruflichen Kontext eine Entscheidung treffen müssen, die Sie auch rational begründen müssen? Oder Sie unterschiedliche Meinungen und Ansichten in einem Entscheidungsprozess miteinander verbinden müssen? Oder Sie unsicher sind, was genau eigentlich entschieden werden soll?

Dieses eLearning zeigt auf, wie Sie durch ein phasenweises Vorgehen zu guten und tragfähigen Entscheidungen kommen.

Lernziele
- Sie lernen ein Phasenmodell für Entscheidungen kennen.
- Sie wissen, wie Sie Ziele für Entscheidungen formulieren können.
- Sie können die Stakeholder einer Entscheidung identifizieren und ihren Einfluss abschätzen.
- Sie können Stärken, Schwächen, Chancen und Risiken einer Entscheidung ermitteln.
- Sie wissen, wann Modelle zur Entscheidung vorgegeben werden und wann Sie Modelle bilden.
- Sie lernen eine Methode kennen, aus Kriterien unterschiedliche Modelle zu bilden.
- Sie lernen eine Methode zur Bewertung von Modellen kennen.
- Sie können Risiken einer Entscheidung ermitteln und klassifizieren.
- Sie können darstellen, wie eine Entscheidungsvorlage entwickelt wurde.
- Sie können einen Maßnahmenplan zum Transfer der Entscheidung erstellen.
- In einer Simulation wenden Sie Ihr Wissen auf einen konkreten Entscheidungsprozess an und erfahren sofort, ob Sie die Entscheidung erfolgreich vorbereitet haben."
Die Fehlerkultur: Scheiter heiter,"Aus Fehlern wird man klug – das sagt sich so leicht. Im Job sieht die Realität meist anders aus: Da empfinden wir Fehler oft als peinliches No-Go und möchten die Schuld am liebsten einem Sündenbock in die Schuhe schieben. Eine solch destruktive Fehlerkultur ist Gift fürs Betriebsklima und blockiert wichtige Lernprozesse. Wie sie lernen, heiter(er) zu scheitern, zeigen Ihnen dieses eLearning!

Lernziele
- Sie wissen, dass Fehler manchmal notwendig und sogar nützlich sind.
- Sie wissen auch, dass das Ignorieren und Bestrafen von Fehlern tabu ist.
- Sie können Fehler mehr als Chance zur Entwicklung begreifen
- Sie gehen konstruktiver mit eigenen Fehlern und denen der anderen um."
Arbeitsrecht für Führungskräfte,"In schwierigen Führungssituationen wird von Ihren Führungskräften nicht nur soziale Kompetenz erwartet, sondern auch eine für das Unternehmen juristisch korrekte Vorgehensweise. Arbeitsrechtliches Fachwissen ist daher für jede Führungskraft in Ihrem Unternehmen unverzichtbar, um in den Beschäftigungsverhältnissen mit Ihren Mitarbeitern immer rechtssichere Entscheidungen zu treffen und Mitarbeiter nachvollziehbar zu führen.

Lernziele
- Sie erhalten grundlegende rechtliche Informationen, um Aufhebungsverträge wirksam abschließen zu können und wissen, welche Formvorschriften und Aufklärungs- und Hinweispflichten Sie im Zusammenhang mit Aufhebungsverträgen beachten müssen.
- Sie wissen, welche Zeugnisarten es gibt und wann ein Anspruch auf Zeugniserstellung besteht und Sie wissen, was bei der Zeugniserstellung bezüglich Form, Aufbau und vor allem Inhalt zu beachten ist.
- Sie kennen die rechtlichen Vorgaben zur täglichen Höchstarbeitszeit, wissen was Sie bezüglich Ruhepausen und Ruhezeiten sowie der Sonn- und Feiertagsruhe beachten müssen und kennen die Folgen bei Verstößen gegen das Arbeitszeitgesetz.
- Sie wissen, was beim Antrag auf Elternzeit zu beachten und, ob und inwieweit eine Verlängerung oder Verkürzung der Elternzeit möglich ist.
- Sie kennen die Unterschiede der Abmahnung zu anderen arbeitsrechtlichen Maßnahmen, wie der Kündigung, Kritikgespräch und Ermahnung, und Sie wissen, wie Sie eine Abmahnung optimal vorbereiten und ein wirksames Abmahnungsschreiben erstellen.
- Sie wissen, ob jede Kündigung eines Kündigungsgrunds bedarf und welche Kündigungsgründe und Kündigungsarten es gibt. Sie erfahren, welche Vorgaben zu Form und Frist es bei einer Kündigung zu beachten gibt.
- Sie wissen, ob jede Kündigung eines Kündigungsgrunds bedarf und welche Kündigungsgründe und Kündigungsarten es gibt. Sie erfahren, welche Vorgaben zu Form und Frist es bei einer Kündigung zu beachten gibt."
Digital Leadership - High Performance Teams,"Als Führungskraft Ihres Teams werden Sie im digitalen Zeitalter vor neue Herausforderungen gestellt und müssen die Zusammenarbeit Ihres Teams neu definieren. Dazu gibt Ihnen Christoph Burkhardt in diesem Kurs wertvolle Tipps und Impulse Ihre eigene Rolle im Rahmen der Mitarbeiterführung zu reflektieren und die Zusammenarbeit Ihres Teams neu zu denken.

Lernziele
- Sie wissen welches Mindset Ihr Team erfolgreich machen kann.
- Sie lernen, wie sie die Neugier Ihrer Mitarbeiter wecken und ihre Einzigartigkeit fördern können.
- Sie wissen, wie Sie auf das immer höhere Tempo reagieren müssen.
- Sie lernen, die Bedeutung der Art Ihrer Sprache als Führungskraft.
- Sie wissen, wie Sie Ihre Mitarbeiter in stressigen Zeiten stärken können. "
Digital Leadership - Führung neu gedacht,"Im digitalen Zeitalter müssen Sie als Führungskraft gleichzeitig mehrere Herausforderungen meistern. Sie müssen Ihre eigene Rolle aber auch die Rolle Ihrer Mitarbeiter neu definieren. Dazu gibt Ihnen Christoph Burkhardt in diesem Kurs wertvolle Tipps und Impulse Ihre eigene Rolle zu reflektieren und Ihre Rolle als Führungskraft neu zu denken.

Lernziele
- Sie lernen, die Bedeutung Ihres eigenen Purpose kennen und wie dieser mit Ihrer Strategie zusammenhängt.
- Sie wissen, wie Sie aktiver Gestalter werden und Ihren Purpose nicht aus den Augen verlieren.
- Sie lernen, wie Sie Ihre Strategie definieren.
- Sie wissen wie Sie mit Risiken umgehen und dabei fokussiert bleiben.
- Sie wissen, wie wertvoll gute Netzwerke sind und wie Sie diese schaffen. "
Digital Leadership – Innovationstreiber,"Innovationen und gute Ideen machen Unternehmen erfolgreich. Digitale Technologien verändern die Art wie Ideen entstehen und damit auch die Wirkmechanismen unserer Welt. Veraltete Denkweisen und Regeln müssen über Bord geworfen werden, um Raum für Innovationskraft zu schaffen. Christoph Burkhardt zeigt Ihnen in diesem Kurs wie Sie Ihre Rolle als Führungskraft neu denken können, um die Brücke zwischen neuen Technologien, Zukunftsstrategien und dem Innovationsfaktor Mensch zu schlagen.

Lernziele:
- Sie lernen veraltete Muster und Denkweisen zu erkennen und neue Wege zu gehen.
- Sie wissen, wie Sie die Innovationkraft Ihres Unternehmens sichern und zum Innovationstreiber werden.
- Sie wissen, wie Sie als Führungskraft Raum für Innovationen schaffen.
- Sie kennen die Bedeutung des Purpose für sich und Ihr Unternehmen."
Führen mit Zielvereinbarung,"Das Führen mit Zielvereinbarungen ist als Führungsinstrument noch lange nicht weg zu denken. Allerding ist Umdenken angesagt, um dieses Führungsinstrument sinnvoll und effektiv zur motivierenden Führung Ihrer Mitarbeiter einzusetzen. Lernen Sie, wie Sie mit Zielvereinbarungen strukturiert und effektiv führen und den Erfolg Ihrer Mitarbeiter und des gesamten Teams steigern.

Lernziele
- Sie kennen den Nutzen von Zielvereinbarungen für Führungskräfte und Mitarbeiter.
- Sie wissen, welche Schritte zur optimalen Zielvereinbarung führen.
- Sie kennen den Unterschied zwischen Leistungs- und Entwicklungszielen.
- Sie lernen Zielvereinbarungsgespräche vorzubereiten und strukturiert zu führen.
- Sie lernen, die Zielakzeptanz und Zielbindung Ihrer Mitarbeiter zu steigern."
Strukturiert und zielgerichtet moderieren,"Moderator – Dompteur im Business-Zirkus? Moderieren kommt von moderat = gemäßigt und so muss der Moderator nicht nur Diskussionen leiten und Inhalte visualisieren, sondern auch dafür sorgen, dass alle Gruppenteilnehmer die Spielregeln einhalten. Damit Ihnen jetzt nicht die Schweißperlen auf die Stirn treten, bevor Sie in den „Löwenkäfig“ gehen, bereiten Sie sich mit diesem eLearning vor. Lernen Sie mit verschiedenen Moderationstechniken, souverän durch einen Workshop zu führen und auch, wie Sie eventuell auftretende schwierige Situationen innerhalb der Gruppe meistern.

Lernziele
- Sie kennen die Rolle und Aufgaben eines Moderators.
- Sie wissen, wie man eine Moderation vorbereitet, durchführt und die Ergebnisse sichert.
- Sie kennen verschiedene Moderationstechniken zur kreativen Problemlösungs- und Entscheidungsfindung.
- Sie führen souverän durch einen Workshop und können auch schwierige Situationen innerhalb der Gruppe meistern."
Virtuelle Moderation ,"Der Wandel in der Arbeitswelt hin zu internationalen Teams verändert zunehmend auch die Anforderungen an Meetings und Besprechungen. Immer häufiger treffen sich die Teilnehmer eines Meetings virtuell. Damit gerade in diesen Fällen die Effizienz der Meetings sowie die Entscheidungsfindung nicht verloren geht, muss ein virtueller Moderator mehr leisten als die Leitung von Diskussionen und die Visualisierung der Inhalte. Die virtuelle Moderation setzt nicht nur eine gute strukturelle und inhaltliche Planung voraus, sondern der Moderator muss auch damit umgehen können, Missverständnisse auf die Distanz zu lösen und Ablenkungen zu minimieren. Des Weiteren können neben technischen Problemen auch kulturelle Faktoren die Moderation beeinflussen.
Lernen Sie in diesem eLearning die Grundlagen einer effektiven virtuellen Moderation kennen.

Lernziele
- Sie kennen die Einsatzmöglichkeiten einer virtuellen Moderation.
- Sie wissen, welche Kompetenzen ein virtueller Moderator benötigt.
- Sie kennen den inhaltlichen und strukturellen Aufbau einer virtuellen Moderation.
- Sie wissen, wie Sie mit einer virtuellen Moderation die Arbeitsfähigkeit herstellen und aufrechterhalten.
- Sie kennen die Erfolgsfaktoren für eine virtuelle Moderation.
- Sie lernen die technischen Voraussetzungen kennen."
Teamperformance erhöhen,"Wenn Sie bereits in verschiedenen Teams mit ganz unterschiedlichen Persönlichkeiten gearbeitet haben, kennen Sie das bestimmt: In manchen Teams läuft es einfach rund und alle arbeiten Hand in Hand. In anderen Teams kommt es zu nervenaufreibenden Diskussionen und es hakt an vielen Stellen.
Egal, ob Sie ein ganzes Team leiten oder ein Projekt steuern: Gute Zusammenarbeit ist kein Zufallsprodukt. Setzen Sie sich mit den Menschen Ihres Teams auseinander und beugen Sie von Anfang an Hürden und Konflikten vor.
Erfahren Sie in diesem eLearning, wie Sie erfolgreiche Zusammenarbeit fördern können.

Lernziele
- Sie kennen Vor- und Nachteile verschiedener Teamzusammensetzungen.
- Sie können einschätzen, welche Persönlichkeitstypen Ihr Team an welcher Stelle weiterbringen.
- Sie kennen typische Hürden der Zusammenarbeit und können diese adressieren.
- Sie hinterfragen Ihren Führungsstil und entdecken Wege, um Teammitglieder professionell weiterzuentwickeln."
Teammeetings verbessern,"Sorgen Sie dafür, dass in Ihren Teammeetings niemand seine Zeit nur absitzt. Lernen Sie, wie Sie Teammeetings so planen, gestalten und steuern können, dass sie effektiver und nachhaltiger werden. Erfahren Sie, welche Rolle der Moderator dabei spielt, aber auch, was jeder Teilnehmer tun kann, um das Teammeeting auf Erfolgskurs zu bringen.

Lernziele
- Sie wissen, warum es wichtig ist, das Ziel, das Thema und den Ablauf des Meetings vorab festzulegen.
- Sie lernen, wie wichtig der Einstieg und der Abschluss für den Erfolg eines Meetings sind.
- Sie erfahren, wie sie ihre Moderationskompetenz gewinnbringend einsetzen.
- Sie lernen, wie sie selbst gute Meetings noch optimieren können.
- Sie wissen, wie sie mit Störungen im Meeting umgehen."
Konfliktmanagement ,"Gehen Sie Auseinandersetzungen eher aus dem Weg oder sehen Sie darin sogar eine Chance? Wenn Sie wissen, wie Konflikte entstehen und verlaufen, können Sie im Ernstfall souverän und professionell agieren. Haben Sie Lust, Ihr Lösungsrepertoire über Kompromisse hinaus zu erweitern? Dann ist dieses eLearning genau richtig für Sie! In 20 Lernbausteinen gehen wir häufig gestellten Fragen zu Konflikten auf den Grund. Videos, fachlicher Input, Übungen und Expertenimpulse mit Praxistipps helfen Ihnen, das Gelernte in die Anwendung zu bringen. Und wenn es brennt, können Sie mit den Tools aus unserem Notfallkoffer beherzt erste Hilfe leisten.

Lernziele
Sie wissen, wie Konflikte entstehen und verlaufen und können dadurch Konflikte differenzierter betrachten.
Sie verstehen die Bedeutung von Denk- und Verhaltensmustern bei der Entstehung und Bewältigung von Konflikten und können Ihr eigenes Verhalten reflektieren und ändern.
Sie wissen, wie Sie durch Ihre Kommunikation Konflikte entschärfen und können die andere Seite besser verstehen.
Sie kennen konkrete Schritte zur konstruktiven Konfliktlösung und können mit Ihrem ""Werkzeugkoffer"" selbst neue Ideen zur Bewältigung von Konflikten entwickeln.
Sie sind sich der Risiken und Chancen von Konflikten bewusst und können souveräner und professioneller mit konfliktträchtigen Situationen umgehen."
Virtuelle Kommunikation im Team,"Im Zuge der Digitalisierung verändert sich zunehmend die Zusammenarbeit und Kommunikation in der Arbeitswelt. Es ist nicht selten, dass wir im Homeoffice oder von unterwegs aus arbeiten. Medien helfen uns die dadurch entstehende räumliche Distanz zu überbrücken und virtuell im Austausch mit unserem Team zu sein. Erfahren Sie worauf es ankommt und wie virtuelle Kommunikation erfolgreich gelingt.

Lernziele
-Sie kennen die Besonderheiten der virtuellen Kommunikation
-Sie können für individuelle Kommunikationsabsichten das passende Medium wählen und einsetzen
-Sie sind in der Lage, Stolpersteine bei der virtuellen Kommunikation frühzeitig zu erkennen und souverän aus dem Weg zu räumen"
Körpersprache,"Ihr Gegenüber lächelt Sie an und Sie verspüren Sympathie. Und schon hat die nonverbale Kommunikation auf Sie gewirkt. Wir kommunizieren zumindest unbewusst immer auch mit unserem Körper: Mimik, Sprache, Haltung und so weiter.
Was bewirken diese nonverbalen Signale? Erfahren Sie in in diesem eLearning, wie Sie Ihre Körpersprache gezielter einsetzen.

Lernziele
- Sie wissen, was nonverbale Kommunikation ist.
- Sie verstehen, warum die Interpretation von Körpersprache kontextabhängig und nicht immer eindeutig ist.
- Sie können Ihre Beobachtungsgabe schulen.
- Sie können einschätzen, was Körpersprache mit Haltung zu tun hat und sie situativ anpassen."
Erfolgreiche Gespräche führen,"Sie sitzen in einem Meeting und merken, wie das Gespräch vor sich hin fasert. Keiner scheint es zu treiben, am Ende gehen alle unbefriedigt raus und klagen über Zeitverschwendung. Im Anschluss müssen Sie den Konflikt mit Ihrem Kollegen klären, weil er Sie wieder einmal missverstanden hat. Solche Situationen kennen Sie nur zu gut?
Dann wird es höchste Zeit, dass Sie die Fähigkeit erwerben, Ihre Gespräche gezielt zu führen und zu eindeutigen Ergebnissen zu bringen. Dieses eLearning zeigt Ihnen Methoden und Tipps auf, mit denen Sie sich auf wichtige Gespräche gut vorbereiten können. Bereiten Sie begleitend Schritt für Schritt ein wichtiges Gespräch vor, um das Erlernte direkt anzuwenden. Sie werden sehen, dass Ihre Gespräche schon bald spürbar fokussierter und ergebnisreicher werden.

Lernziele
Sie können...

die Atmosphäre Ihres Gesprächs in der Kontaktphase positiv beeinflussen.
in der Informationsphase für eine gemeinsame Gesprächsbasis sorgen.
Ihre Position in der Argumentationsphase nachvollziehbar vermitteln.
in der Beschlussphase für ein gemeinsames Ergebnis sorgen.
das Gespräch in der Abschlussphase positiv ausklingen lassen.
Ihrem Gesprächspartner vermitteln, dass Sie aktiv zuhören.
Wertschätzung ausdrücken.
mit der Methode des Paraphrasierens für ein gemeinsames Verständnis sorgen.
den Gesprächsverlauf mit Fragen gezielt steuern."
Feedback geben und nehmen ,"Für Ihre persönliche Weiterentwicklung brauchen Sie Feedback. Woher sollen Sie sonst wissen, was Sie beim nächsten Mal besser machen können? Feedback ist der Schlüssel für eine wertschätzende Kommunikation und eine bessere Zusammenarbeit. Doch was macht konstruktives Feedback aus? Was sollten Sie berücksichtigen, wenn Sie Ihrem Gegenüber Feedback geben? Und wie unterscheiden sich Lob, Kritik und Feedback? Dieses eLearning beantwortet diese Fragen und mehr. Tragen Sie mit Hilfe von Feedback zu einem guten Arbeitsklima, konstruktivem Austausch mit Ihren Mitmenschen sowie zur gegenseitigen Weiterentwicklung bei.

Lernziele
- Sie können erklären, was Feedback ist und welchen Mehrwert es stiftet.
- Sie wissen, welche Faktoren bei Feedback eine Rolle spielen und können erklären, warum und wie diese wirken.
- Sie können Lob, Kritik und Feedback voneinander unterscheiden.
- Sie können konstruktives Feedback geben.
- Sie wissen, wie Sie auf Feedback reagieren und wie Sie es besser annehmen können."
Gesprächsblockaden lösen,"Begeistert erzählen Sie Ihrem Team von Ihrer neuen Idee. Noch bevor Sie ausreden können, werden Sie von Ihrem Kollegen unterbrochen mit: ""Ja, aber…""
Fühlen Sie sich genervt oder angegriffen von den vorgebrachten Einwänden? Oder verstehen Sie diese als Chance? Erfahren Sie in diesem eLearning, wie Sie Einwände lösungsorientiert berücksichtigen, ohne alle Neuerungen zu blockieren.

Lernziele
- Sie verstehen, warum Einwände eine Chance darstellen.
- Sie kennen den Unterschied zwischen Einwänden, Angriffen und Vorwänden.
- Sie erkennen Ursachen für Einwände.
- Sie können mit Einwänden professionell umgehen."
Überzeugend Präsentieren,"Haben Sie sich auch schon gefragt, wie man trockene Inhalte spannend präsentiert und seine Zuhörer für sich einnimmt? Erfahren Sie alles, was Sie dazu wissen müssen: von einer guten Vorbereitung bis zur gelungenen Präsentation mit dem wirkungsvollen Einsatz von Medien – von Flip-Chart bis PowerPoint. Optimieren Sie Ihren Auftritt und gehören auch Sie bald zu denen, die einfach überzeugend präsentieren.

Lernziele
- Sie erhalten grundlegende Kenntnisse über Planung, Vorbereitung und Durchführung von Präsentationen.
- Sie können verschiedene Medien wirkungsvoll einsetzen.
- Sie wissen, wie Sie sicher und überzeugend auftreten und präsentieren.
- Sie können Emotionen gezielt einsetzen, um die Kernaussagen einer Präsentation zu verstärken."
Stakeholder Management in Projekten,"Neben Risikomanagement und der Projektsteuerung ist ein durchdachtes und geplantes Stakeholdermanagement für den Projekterfolg entscheidend. Beteiligte Personen, Personengruppen oder Organisationen gilt es, rechtzeitig zu identifizieren, motivieren und zu steuern. Lernen Sie in diesem eLearning, den Einfluss Ihrer Stakeholder auf den Projektverlauf abzuschätzen und somit zu steuern.

Lernziele
- Sie können die Stakeholder Ihres Projekts identifizieren und einordnen.
- Sie wissen, wie wichtig es ist, Ihre Stakeholder zu motivieren.
- Sie kennen die unterschiedlichen Vorgehensweisen mit Stakeholdern und wissen, deren Vertrauen zu gewinnen.
- Sie verstehen, wie sich Konflikte zeigen und wissen, welche Schritte zur Konfliktklärung notwendig sind.
- Sie kennen Methoden zur Konfliktvermeidung."
Vom Kollegen zum Vorgesetzten,"Mitarbeitende, die vom Kollegen zum Vorgesetzten aufsteigen, sehen sich mit vielen Herausforderungen konfrontiert. Für die meisten ist es die erste Führungsrolle und sie müssen sich mit den Aufgaben und Verantwortungsbereichen einer Führungskraft vertraut machen. Gleichzeitig nehmen sie eine neue Rolle im Team ein, die auch mit Spannungen versehen sein kann. 
In diesem eLearning bekommen Sie praktikable Ansätze und Tools an die Hand, damit Sie schnell handlungsfähig sind. Erlernen Sie, wie Sie die Erwartungen des Unternehmens, des Vorgesetzten und der Mitarbeitenden verstehen und in Ihren neuen Arbeitsalltag integrieren können. Sie werden sich mit Ihrer neuen Rolle als Führungskraft auseinandersetzen und Ihren neuen Verantwortungsbereich analysieren. Meistern Sie erfolgreich den Schritt vom Kollegen zur Führungskraft. Lernziele:
Sie kennen typische Fettnäpfchen von jungen Führungskräften und können diese vermeiden.
Sie reflektieren sich in Ihrer neuen Rolle als Führunsgkraft.
Sie kennen die verschiedenen Erwartungen Ihrer wichtigsten Stakeholder und integrieren diese in Ihren Führungsalltag.
Sie analysieren Ihren Verantwortungenbereich und richten diesen zielorientiert aus.
Sie nutzen Tools und Methoden für Ihren Start als Führungskraft."
Krisenkommunikation für Führungskräfte,"Das Überbringen heikler Botschaften gehört zu den Kompetenzen, die eine Führungskraft generell – vor allem in der heutigen Zeit – nicht nur beherrschen, sondern auch meistern muss.
In diesem Videokurs profitieren Menschen mit anspruchsvollen Führungsaufgaben vom Wissen unseres Experten und bekommen wertvolle Impulse für Ihre Krisenkommunikation.


Lernziele
- Sie wissen welche Bedeutung die eigene Haltung für eine krisensichere Kommunikation hat.
- Sie lernen wie Sie ihre Mitarbeiter besser einschätzen und ihre Kommunikation an die verschiedenen Menschentypen anpassen können.
- Sie können sich selbst hinsichtlich ihrer Haltung und Kommunikation reflektieren.
- Sie vermitteln ihre Botschaften so, dass sie von jedem Mitarbeiter verstanden werden."
High Potentials,"High Potentials zählen zu den wichtigsten Mitarbeitern in einem Unternehmen und sollten daher auch gefördert werden. Um das tun zu können sollten Sie wissen worauf es bei der Identifizierung und Bindung von High Potentials ankommt. Lernen Sie, wie Sie als Führungskraft High Potentials identifizieren und in ihren Fähigkeiten entwickeln, sodass sie bestmöglich zum Unternehmenserfolg beitragen.

Lernziele
- Sie wissen, was High Potentials sind und wie sie identifiziert werden können.
- Sie wissen, wie Ihr Unternehmen von High Potential profitiert.
- Sie lernen, wie Sie High Potentials erfolgreich einsetzen und entwickeln.
- Sie kennen die Voraussetzungen, um High Potentials zu motivieren und zu halten. "
Mitarbeiterorientierung ist Kundenorientierung,"Führungskräfte, die mitarbeiterorientiert denken und handeln, sorgen für eine positive Arbeitsatmosphäre. Zudem steht die Führungskraft bei Schwierigkeiten als Ansprechpartner beratend zur Seite.
Wozu das alles?
Ganz einfach: Die positive Grundstimmung wirkt sich auf viele andere Bereiche aus, z. B. die Zusammenarbeit mit Kunden.
Wie diese Bereiche genau zusammenhängen und wie auch Sie lernen können, mitarbeiterorientiert zu handeln und die Kundenorientierung Ihrer Mitarbeiter zu fördern, erfahren Sie auf den nächsten Lernkarten.

Lernziele
- Sie wissen, warum zufriedene Mitarbeiter für zufriedene Kunden sorgen.
- Sie lernen, warum es so wichtig ist, kundenorientiert zu denken und zu handeln.
- Sie erfahren, wie Sie als Führungskraft Kundenorientierung vorleben können."
Menschenkenntnis in der Führung,"Menschenkenntnis ist besonders für Sie als Führungskraft sehr wichtig, um sich optimal auf die verschiedenen Mitarbeitertypen Ihres Teams einstellen zu können. Dabei kommt es vor allem darauf an Ihr Gegenüber einschätzen und typengerecht motivieren zu können. Lernen Sie, wie Sie Wahrnehmungsfehler vermeiden und ihre Menschenkenntnis verbessern.

Lernziele
- Sie lernen, wodurch menschliches Verhalten beeinflusst wird.
- Sie wissen, wie Wahrnehmungsfehler entstehen und wie Sie Lügen enttarnen können.
- Sie lernen, wie Sie Ihre Menschenkenntnis verbessern.
- Sie kennen Wahrnehmungsfehler und können Körpersprache besser verstehen
- Sie wissen, was Ihre Mitarbeiter motiviert."
Mitarbeitergespräche,"Konstruktive Mitarbeitergespräche liefern Mehrwert für alle Beteiligten – Führungskraft, Mitarbeiter, Team und letztendlich das ganze Unternehmen. In unterschiedlichen Gesprächsphasen auf verschiedene Persönlichkeiten richtig einzugehen, erfordert Fingerspitzengefühl und die richtigen Techniken. Erarbeiten Sie sich mit diesem eLearning das erforderliche Know-how für eine wertschätzende, erfolgreiche Gesprächsführung mit Ihren Mitarbeitern.

Lernziele
Sie lernen verschiedene Führungsstile in Mitarbeitergesprächen kennen.
Sie können alle Phasen eines konstruktiven Feedbackgesprächs vorbereiten und durchführen.
Sie können typische Fehler in Mitarbeitergesprächen erkennen und vermeiden.
Sie können Ihre Mitarbeiter durch verschiedene Gesprächstechniken lenken und motivieren.
Sie können die drei Prinzipien für erfolgreiche Mitarbeitergespräche gezielt umsetzen."
Überzeugend Formulieren ,"Einen Gedanken in klare Worte zu fassen ist gar nicht so einfach: Egal, ob Sie eine E-Mail schreiben, einen Social Media Post verfassen oder einen umfangreichen Text. Sie sollten Ihr Anliegen stets professionell ausdrücken und klar formulieren können. Dieses eLearning hilft Ihnen dabei, einen Einstieg zu finden und mit den richtigen Stilmitteln auf Augenhöhe wertschätzend zu kommunizieren. Lernen Sie, sich den Arbeitsalltag mit Textbausteinen zu erleichtern und zielgerichtet souverän zu schreiben.

Lernziele
- Sie verlieren die Angst vorm „weißen Blatt“ und können auch schwierige E-Mails formulieren.
- Sie kommunizieren bewusst und nutzen angemessene Sprache und Stilmittel.
- Sie bleiben auch ohne Mimik und Gestik immer auf Augenhöhe und schreiben wertschätzende Nachrichten.
- Sie wissen, wie Sie in kritischen Kommunikationssituationen professionell bleiben und souverän reagieren.
- Sie schreiben zeitsparender mit Hilfe von Bausteinen und Kernbotschaften."
Storytelling - Mit Geschichten im Gedächtnis bleiben,"Sie stehen vor Ihren Kollegen und Vorgesetzten und schildern ihnen die für Sie perfekte Lösung. Doch Sie merken, die Aufmerksamkeit liegt nicht bei Ihnen.
Wie schaffen Sie es, dass Ihre Ideen gehört werden?
Die Methode des Storytellings kann Ihnen u.a. dabei helfen, komplexe Inhalte verständlich darzustellen, Ihre Präsentationen zielgruppengerecht zu gestalten, bei Ihren Gesprächspartnern im Gedächtnis zu bleiben und einen Elevator Pitch erfolgreich zu platzieren. Bewegen Sie Menschen mit authentischen Geschichten. Verschaffen Sie sich Aufmerksamkeit und überzeugen Sie Ihre Zielgruppe!

Lernziele
- Sie wissen, was die Methode Storytelling bedeutet und welchen Mehrwert sie für Sie persönlich hat.
- Sie verstehen, was Storytelling im Gehirn auslöst und wie die Methode im Kopf bleibt.
- Sie wissen, wie Sie bei Ihrem Gegenüber „ankern“, also wie Sie einen Plot nutzen, um Interesse zu wecken.
- Sie wissen, welche Möglichkeiten es gibt, eine Präsentation oder ein Beratungsgespräch strukturiert und kreativ aufzubauen und können diese anwenden.
- Sie wissen, wie Sie komplexe Themen durch geeignete Fallbeispiele veranschaulichen und können die harten mit den weichen Fakten kombinieren.
- Sie wissen, welche Zuhörertypen es gibt und wie Sie diese beim Storytelling adressieren.
- Sie wissen, wie Sie geeignete Geschichten finden.
- Sie wissen, wie der Elevator Pitch funktioniert und wie er aufgebaut ist.
- Sie wissen, welche Kernthemen Sie beim Gegenüber adressieren müssen, um in kurzer Zeit im Gedächtnis zu bleiben."
Schlagfertigkeit und Rhetorik - wie Sie souverän auftreten,"Sie wollen Ihre Inhalte in Diskussionen und Präsentationen überzeugend darstellen und bei Fragen souverän kontern? Dieses eLearning hilft Ihnen dabei und zeigt Ihnen wie Sie Ihre Argumentation strukturiert aufbauen, durch die richtige Körperhaltung und Atemtechnik souverän wirken und auch in unangenehmen Situationen schlagfertig reagieren können. Denn mit Hilfe rhetorischer Fähigkeiten und Schlagfertigkeit wirken Sie stets souverän und strahlen mehr Kompetenz und Selbstbewusstsein aus. 

Lernziele
- Sie kennen Argumentationsstrukturen und können diese anwenden.
- Sie wissen wie Sie eine sichere Haltung entwickeln.
- Sie können Körperhaltung und Atemtechniken gezielt zur souveränen Wirkung nach innen und außen anwenden.
- Sie wissen wie Sie schlagfertig reagieren können.
- Sie kennen De- und Eskalationsmethoden und können diese anwenden."
Eine Rede halten - von der ersten Idee bis zum Applaus,"Gut vorbereitete Reden fesseln ihre Zuhörer, reißen sie mit und können wirklich etwas bewegen, während andere dem Publikum eher ein Gähnen entlocken. Dieses eLearning zeigt Ihnen, wie Sie aus einer Idee über sechs Produktionsstadien hinweg einen begeisternden Vortrag entwickeln, der Ihre Audienz in den Bann zieht. Lernen Sie, wie Sie Ihr Thema erst textlich aufbauen und dann persönlich mit der richtigen Körpersprache glaubwürdig und mitreißend vor Publikum halten.

Lernziele
- Sie erlernen grundlegendes Wissen rund um Reden und Vorträge.
- Sie kennen die Wirkungsweisen von Reden.
- Sie können unterschiedliche Redeanlässe einschätzen.
- Sie können eine grobe Idee zu einer Rede entwickeln.
- Sie verstehen, wie Sie eine Rede strukturieren und vorbereiten.
- Sie verstehen den Zusammenhang zwischen Sachaussage, Stimme und Körpersprache."
Authentischer und erfolgreicher Auftritt ,"""Sie glauben nicht, was mir gestern passiert ist …"" oder ""Herzlich Willkommen. Mein Name ist …?"" Was hat Ihre Aufmerksamkeit mehr erregt? In diesem eLearning geht es darum, wie Sie einen authentischen und erfolgreichen Auftritt und Präsentation absolvieren und Ihr Publikum überzeugen und begeistern. Es gibt die sechs Lernabschnitte ""Vorbereitung Ihres Auftritts"", ""Start Ihres Auftritts"", ""Ihr Auftritt: Ihre Bühnenpräsenz"", ""Aufbau Ihres Auftritts"", ""Schluss Ihres Auftritts"" und ""Nach Ihrem Auftritt"".

Lernziele
- Sie lernen, wie Sie sich professionell auf Ihren Auftritt vorbereiten, Ziel und Botschaft Ihrer Präsentation formulieren, bewusst Ihr Publikum analysieren und gut mit Lampenfieber umgehen.
- Sie lernen, wie Sie Ihren Auftritt mit einem ""Ohröffner"" beginnen, einen guten körpersprachlichen Anfang finden und so Ihr Publikum in kurzer Zeit für sich gewinnen.
- Sie lernen eine Bühnenpräsenz aufzubauen mit Ihrer Körpersprache, Mimik, Stimme und Sprache.
- Sie lernen, wie Sie durch Geschichten, Emotionen und Medien Ihre Inhalte spannend und überzeugend gestalten.
- Sie lernen, wie Sie ein gutes und bleibendes Ende Ihres Auftritts gestalten können.
- Sie lernen, wie Sie durch Reflexion besser werden und sich weiterentwickeln können."
Souveränes Auftreten in Videokonferenzen,"Das Gesicht zu nah an der Webcam, die Hände ständig im Gesicht oder hängende Schultern: Wer kann von sich sagen, das wäre ihm in einer Videokonferenz noch nie passiert?

Zwar gehören Videokonferenzen mittlerweile zum Alltag, aber wer kann von sich behaupten, souverän vor der Webcam „aufzutreten“?

Mit diesem Video-Kurs hebt Schauspielerin und Körpersprachenexpertin Yvonne de Bark Deine Lerner auf ein neues Niveau, auf dem sie authentisch, überzeugend und begeisternd im Gedächtnis ihrer Teilnehmer und Gesprächspartnern in Videokonferenzen wirken.

Lernziele
- Welche Vorbereitungen sind vor der Videokonferenz zu treffen?
- Worauf sollte ich während der Videokonferenz achten?
- Wie kann ich eine Videokonferenz geschickt beenden?
- Welche Tipps helfen, um überzeugend und positiv auf Teilnehmer zu wirken?"
Bewerberinterviews ,"In Zeiten des War for Talents ist es nicht leicht, gute und passende Mitarbeiter zu finden. Begeistern Sie Ihre Bewerber im Einstellungsprozess durch eine gute Candidate Experience: Stellen Sie die richtigen Fragen und gewinnen Sie schnell(er) den passenden Kandidaten für Ihr Unternehmen. Dieses eLearning unterstützt Sie dabei, passende Mitarbeiter für Ihr Unternehmen zu finden. Mithilfe eines Pretests können Sie gezielt Ihre Wissenslücken schließen.

Lernziele
- Sie wissen, wie Sie eine wertschätzende Beziehung zu den Bewerbern aufbauen und die Candidate Experience positiv gestalten.
- Sie können ein Bewerberinterview optimal vorbereiten und auswerten.
- Sie finden im Interview die Kompetenzen des Kandidaten mit den richtigen Fragen schnell heraus.
- Sie können geeignete und ungeeignete Kandidaten schnell(er) voneinander unterscheiden.
- Sie können Bewerber begeistern und trotz des War for Talents für Ihr Unternehmen gewinnen."
eRecruiting,"Fachkräftemangel und der daraus resultierende War for Talent stellen heute beim Recruiting einen entscheidenden Faktor dar. Nutzen Sie die Chancen der Digitalisierung und setzen Sie in Ihrem Unternehmen Maßnahmen des eRecruitings sinnvoll ein. Über die Nutzung der richtigen Tools und Social-Media-Kanäle bis hin zu Performance-Marketing und Active Sourcing – eine Vielfalt an Möglichkeiten erwartet Sie. Was Sie konkret tun können und wie, das erfahren Sie in diesem eLearning.

Lernziele
- Sie kennen unterschiedliche Recruiting-Kanäle und Tools und können diese gezielt einsetzen.
- Sie wissen, was Sie bei Recuiting-Prozessen und dem Aufbau einer Recruiting-Strategie beachten müssen.
- Sie kennen die Anforderungen an ein Bewerbermanagementsystem und können eine fundierte Auswahl treffen.
- Sie wissen, wie Sie Performance-Marketing und Active Sourcing nutzen können.
- Sie wissen, wie Sie unterschiedliche Social-Media-Kanäle bespielen und Ihre Zielgruppe ansprechen.
- Sie kennen die Rollenvielfalt der Stelle des Personalers."
Die Macher-Generation,"Das Überbringen heikler Botschaften gehört zu den Kompetenzen, die eine Führungskraft generell – vor allem in der heutigen Zeit – nicht nur beherrschen, sondern auch meistern muss.
In diesem Videokurs profitieren Menschen mit anspruchsvollen Führungsaufgaben vom Wissen unseres Experten und bekommen wertvolle Impulse für ihre Krisenkommunikation.

Lernziele
- Sie wissen welche Bedeutung die eigene Haltung für eine krisensichere Kommunikation hat.
- Sie lernen wie Sie Ihre Mitarbeiter besser einschätzen und Ihre Kommunikation an die verschiedenen Menschentypen anpassen können.
- Sie können sich selbst hinsichtlich Ihrer Haltung und Kommunikation reflektieren.
- Sie vermitteln Ihre Botschaften so, dass sie von jedem Mitarbeiter verstanden werden."
Führung in digitalen Zeiten - ein Einblick,"Die digitale Transformation bietet viele Chancen und Herausforderungen. Eine Anforderung an Unternehmen ist eine neue Art der Führung. Wie Sie diese neue Führung in Ihrem Unternehmen umsetzen, erfahren Sie in diesem Kurs.

 Lernziele:
- Sie können zwischen Fach- und Führungsaufgaben unterscheiden, sich auf die Arbeit am Unternehmen fokussieren und sind dadurch effektiver.
- Sie wissen wie Sie Ihre Mitarbeiter befähigen können, selbständig Lösungen zu finden.
- Sie können angemessen auf Fehler reagieren und wissen auf was es beim Feedback geben ankommt."
Professionell verhandeln - gut vorbereitet zum optimalen Ergebnis,"Verhandlungsgeschick lässt sich lernen. Wichtig dafür ist es, das eigene Verhandlungs-Know-how stetig zu stärken, neue Strategien auszuprobieren, Erfolge darin zu erkennen und für künftige Verhandlungen zu nutzen. Erfahren Sie, wie Sie Verhandlungssituationen als solche wahrnehmen und wie Sie durch gute Vorbereitung und die Auswahl der richtigen Strategie, Verhandlungen in Zukunft für sich zu einem erfolgreichen Abschluss führen.

Lernziele
- Sie erkennen Verhandlungssituationen, auch wenn diese auf den ersten Blick nicht wie solche wirken.
- Sie lernen, auf welche Aspekte Sie sich bei der Vorbereitung von Verhandlungen besonders konzentrieren sollten.
- Sie kennen unterschiedliche Verhandlungsstrategien und wissen, wann Sie welche Strategie einsetzen und wie Sie dabei vorgehen.
- Mithilfe eines Verhandlungssimulators erleben Sie, wie sich Verhandlungsgeschick direkt auf den Erfolg Ihrer Verhandlung auswirkt."
Basiswissen Interkulturelle Kompetenz zeigen,"Digitalisierung, Globalisierung – immer öfter arbeiten wir international stark vernetzt. Ihr Kollege kommt dann nicht mehr aus dem Nachbardorf, sondern aus Indien oder China. Und schon stehen jede Menge Fettnäpfchen bereit. Mit einem Gespür für kulturelle Unterschiede kommen Sie galant daran vorbei. Unnötige Missverständnisse können Sie damit vermeiden. Beispiele aus dem Alltag helfen Ihnen, interkulturelle Herausforderungen zu meistern. Sie waren schon oft im Ausland? Umso besser! Dann holt Sie ein Pretest direkt dort ab, wo Sie stehen, und bringt Sie schnell und sicher ans Ziel.

Lernziele
- Sie wissen, wie interkulturelle Missverständnisse und Fehlwahrnehmungen entstehen und wie Sie ihnen entgegenwirken können.
- Sie erkennen bewusst Ihre eigenen Werte und Handlungspräferenzen und wissen, wie diese international wahrgenommen werden können.
- Sie sensibilisieren sich für Unterschiede in der Selbst- und Fremdwahrnehmung und können bewusster mit Ihrer Außenwahrnehmung umgehen.
- Sie lernen anhand praktischer Beispiele, Ihre Bewertung interkultureller Situationen zu verbessern und können kulturelle Stereotype besser einordnen.
- Lassen Sie kulturelle Konflikte gar nicht erst entstehen, sondern starten Sie in eine bewusste und gut vorbereitete internationale Zusammenarbeit."
Guanxi & Wirtschaftsboom: Interkulturelle Kompetenz zeigen China,"Durch die Globalisierung gehört die Zusammenarbeit mit internationalen Kollegen heute für immer mehr Mitarbeiter zum Alltag – auch für solche, die in der Vergangenheit kaum interkulturelle Berührungspunkte hatten. Entsprechend werden auftretende interkulturelle Missverständnisse häufig zum Problem. An China, dem wirtschaftlichen Schwergewicht in Ostasien, kommt schon heute kaum noch jemand vorbei. Ob als Markt oder als Produktionsstandort, fast jeder ist in China vor Ort. Aber nicht immer funktioniert dort alles nach Plan – anspruchsvolle Luxuskunden, große Bandbreiten in der Produktion und eine hohe Fluktuation sind typische Herausforderungen in der Zusammenarbeit mit China. Lernen Sie, in der internationalen Zusammenarbeit souverän zu handeln und profitieren Sie so von einer professionellen und erfolgreichen Geschäftsbeziehung zu Ihren chinesischen Geschäftspartnern.

Lernziele
- Sie wissen, wie interkulturelle Missverständnisse und Fehlwahrnehmungen entstehen und wie Sie ihnen entgegenwirken können.
- Sie erkennen bewusst Ihre eigenen Werte und Handlungspräferenzen und wissen, wie diese international wahrgenommen werden können.
- Sie konzentrieren sich in Zukunft mehr auf Ihre Arbeit und müssen sich nicht mehr mit unnötigen interkulturellen Konflikten herumschlagen.
- Sie kennen drei der häufigsten Herausforderungen im Umgang mit chinesischen Kontakten und wissen, wie Sie damit umgehen können.
- Sie kennen chinesische Werte und Problemlösungsstrategien und wissen, wie Sie damit umgehen können.
- Sie ersparen sich in Zukunft Unverständnis und tun gezielt das Richtige.
- Sie kennen die chinesischen Etikette-Regeln.
- Sie kennen chinesische Rituale wie das gemeinsame Karaoke und wissen, was von Ihnen erwartet wird.
- Sie bewegen sich sicher im chinesischen Business-Umfeld, ohne sich vor Etikette-Fettnäpfchen fürchten zu müssen."
 Mega-Cities & heilige Kühe: Interkulturelle Kompetenz zeigen Indien,"Durch die Globalisierung gehört die Zusammenarbeit mit internationalen Kollegen heute für immer mehr Mitarbeiter zum Alltag – auch für solche, die in der Vergangenheit kaum interkulturelle Berührungspunkte hatten. Entsprechend werden auftretende interkulturelle Missverständnisse häufig zum Problem. Gerade Indien ist ein Land, mit dem die Zusammenarbeit immer wichtiger wird. Gleichzeitig sind uns viele Aspekte der indischen Geschäftskultur völlig fremd. Hohe Flexibilität, ungewohnte Umgangsformen und die enorme Wichtigkeit von Beziehungen und Hierarchien im Arbeitsalltag sind Dinge, die in Deutschland anders gehandhabt werden. Lernen Sie, in der internationalen Zusammenarbeit souverän zu handeln und profitieren Sie so von einer professionellen und erfolgreichen Geschäftsbeziehung zu Ihren indischen Geschäftspartnern.

Lernziele
- Sie wissen, wie interkulturelle Missverständnisse und Fehlwahrnehmungen entstehen und wie Sie ihnen entgegenwirken können.
- Sie erkennen bewusst Ihre eigenen Werte und Handlungspräferenzen und wissen, wie diese international wahrgenommen werden können.
- Sie konzentrieren sich in Zukunft mehr auf Ihre Arbeit und müssen sich nicht mehr mit unnötigen interkulturellen Konflikten herumschlagen.
- Sie wissen, was Ihre indischen Kontakte bewegt.
- Sie kennen indische Werte und Problemlösungsstrategien und wissen, wie Sie damit umgehen können.
- Sie ersparen sich in Zukunft Unverständnis und tun gezielt das Richtige.
- Sie arbeiten erfolgreich und entspannt mit indischen Kunden und Kollegen zusammen.
- Sie kennen wichtige indische Gepflogenheiten und wissen, was von Ihnen erwartet wird.
- Sie bewegen sich sicher im indischen Business-Umfeld, ohne sich vor Etikette-Fettnäpfchen fürchten zu müssen."
Projektmanagement Basiswissen,"Grundlagenwissen im Bereich Projektmanagement benötigt jeder Mitarbeiter im Unternehmen. Das e-learning Projektmanagement Basiswissen bietet einen praxisorientierten Einstieg in die wichtigsten Methoden und Werkzeuge des Projektmanagements.

Lernziele
- Sie erhalten praktisches Handlungswissen und können die wichtigsten Methoden und Werkzeuge des Projektmanagements gezielt einsetzen.
- Sie wissen, wie Sie Projekte erfolgreich starten, planen und ausführen.
- Sie kennen Methoden zur Überwachung und Steuerung von Projekten.
- Sie wissen, was Sie beim Abschluss eines Projektes alles berücksichtigen müssen und können das Projekt sicher abschließen."
Projektmanagement Basiswissen IPMA,"Die Kompetenz, ein Projekt erfolgreich aufzusetzen und durchzuführen, basiert auf theoretischem Grundlagenwissen. Der Lernpfad ""Projektmanagement Basiswissen IPMA"" liefert neben den Theorien einen praxisorientierten Einstieg mit den wichtigsten Methoden und Werkzeugen auf dem Weg zu einem vielversprechenden Projektausgang. Dieses eLearning ist Teil der Qualifizierung ""IPMA Basis"".

Lernziele
- Sie lernen praktisches Handlungswissen und können die wichtigsten Methoden und Werkzeuge des Projektmanagements gezielt einsetzen, um Projekte sicher zu starten und erfolgreich mitzuarbeiten.
- Das eLearning ist modular aufgebaut – Sie können frei wählen, welche Themen Sie gerade bearbeiten möchten.
- Viele interaktive Übungen und konkrete Fallbeispiele helfen Ihnen, das Gelernte in Ihre eigene Berufspraxis umzusetzen.
- Die Inhalte des eLearnings sind an den Projektmanagement-Standard ICB4 (Individual Competence Baseline 4.0) der GPM / IPMA angelehnt."
Rückentraining,"Bewegungsmangel und langes Sitzen schaden unserem Rücken. In diesem eLearning erfahren Sie, wie Sie durch gezieltes Rückentraining Rückenbeschwerden entgegenwirken und Ihre Rückenmuskulatur stärken können.

Lernziele
- Sie kennen die zentrale Bedeutung von Bewegung für Ihren Rücken.
- Sie können gezielt Übungen zur Schmerzlinderung und -prävention durchführen."
Burn-out Prävention,"Burn-out Betroffene leiden unter einem chronischen Erschöpfungszustand. Doch mit welchen Symptomen kündigt sich ein Burn-Out eigentlich an und wie kann man gezielt vorbeugen? Und warum macht es uns die Gesellschaft oft so schwer, offen über das Thema zu sprechen? Das erfahren Sie in diesem eLearning.

Lernziele
- Sie wissen, wie Sie Anzeichen von erhöhtem Stress erkennen und Körpersignale deuten können.
- Sie wissen, wie Sie langfristig ihre Nerven schonen.
- Sie können Ursachen von Burn-out erkennen und gezielt verhindern.
- Sie können sich langfristig vor Burn-Out schützen."
Gesünder leben mit Handy Apps,"Mittlerweile gibt es Unmengen an Apps rund um das Thema Gesundheit. Dabei kann man schnell den Überblick verlieren. Damit Sie sich im App-Dschungel leichter zurechtfinden, stellen wir Ihnen die Top-Apps aus dem Gesundheitsbereich in diesem eLearning vor.

Lernziele
- Sie kennen die Top-Apps aus dem Gesundheitsbereich und wissen, wie Ihnen Apps dabei helfen, ihre Ziele zu erreichen.
- Sie können mit Apps ihr körperliches und geistiges Wohlbefinden steigern.
- Sie können sich mit Apps bewusster ernähren.
- Sie können mit Apps ihre Leistungen beim Sport tracken und auswerten."
Scrum,"„Zu spät, zu teuer, falsche Features“ – kommt Ihnen das bekannt vor? Dann werden Sie Scrum lieben: Kurze Zyklen, schnelle Ergebnisse und eine hohe Beteiligung aller Entscheider sind nur 3 Gründe, warum Scrum immer populärer wird. Machen Sie sich in nur 20 Minuten mit der Königin der agilen Methoden vertraut.

Lernziele
- Sie erfahren ob Scrum für Ihre Projekte geeignet ist.
- Sie wissen wie ein Sprint im Detail abläuft.
- Sie lernen welche Scrum-Rollen es gibt.
- Sie können besser bewerten, ob Scrum die richtige Methode für Ihr Team ist.
- Sie nutzen hilfreiche Scrum-Elemente direkt in Iihren Projekten."
"Rechtschreibregeln fürs Business - kleine fehler, GROSSE WIRKUNG","Unterstreichen Sie die Expertise Ihres Unternehmens durch korrekte Rechtschreibung. Egal, ob in Korrespondenz, Präsentationen oder Verträgen: nichts wirkt peinlicher und inkompetenter als Schreibfehler in der eigenen Sprache. Machen Sie sich mit diesem eLearning fit für die Regeln der deutschen Sprache und überzeugen Sie Ihre Geschäftspartner durch fehlerfreies Schreiben.

Lernziele
- Sie wissen, welche Wörter man zusammenschreibt und welche nicht.
- Sie beherrschen die grundlegenden Regeln der Groß- und Kleinschreibung.
- Sie wissen, wann ein ""s"", wann ein Doppel-s und wann ein ""ß"" die richtige Wahl ist.
- Sie kennen die Änderungen nach dem Wortstammprinzip.
- Sie kennen die wichtigsten Neuerungen in Bezug auf die Silbentrennung.
- Sie beherrschen die aktuelle Kommasetzung."
Datenschutz    ,"Personenbezogene Daten sind ein kostbares Gut. Deshalb werden sie auch durch die Gesetzgebung besonders geschützt. Das bedeutet: Alle Mitarbeiter, die in Ihrem Unternehmen mit personenbezogenen Daten beispielsweise von Kunden, Lieferanten, Kollegen oder Bewerbern arbeiten, haben nationale Vorschriften und Gesetze sowie entsprechende Richtlinien und Regelungen des Unternehmens einzuhalten. Mit diesem eLearning können Sie alle Mitarbeiter zu diesem sensiblen Thema schulen und so die korrekte Behandlung von persönlichen Daten in Ihrem Unternehmen sicherstellen.

Lernziele
Ihre Mitarbeiter kennen die Regelungen, die es in Bezug auf den Schutz personenbezogener Daten im Einzelnen gibt und wie sich
diese auf deren Aufgaben im Unternehmen auswirken.

Anhand von Beispielen aus der Praxis lernen Ihre Mitarbeiter typische Stolperfallen kennen und diese zu vermeiden.

Ihre Mitarbeiter wissen, wie sie sich bei Fragen und in schwierigen Situationen korrekt verhalten."
Code of Conduct,"Alle Mitarbeiter im Unternehmen müssen rechtskonform agieren. Voraussetzung dafür sind verbindliche Verhaltensstandards für das tägliche Handeln. Denn oft genug kommen Mitarbeiter in Situationen, in denen sie gar nicht wissen, dass ihr Geschäftsgebaren nicht im Einklang mit den Gesetzen steht. Dieses eLearning soll Ihre Mitarbeiter dafür sensibilisieren, wie wichtig ein Verhaltenskodex bzw. das Einhalten von Compliance-Regeln für das Unternehmen und den persönlichen Geschäftsalltag ist. Sie erfahren, an welchen grundsätzlichen Verhaltensregeln Sie sich orientieren können, damit Sie sich und Ihr Unternehmen in schwierigen Situationen schützen und Interessenkonflikte leichter meistern können.

Lernziele
- Ihre Mitarbeiter wissen, was Regeltreue und Integrität für sich selbst und das Unternehmen bedeutet.
- Sie kennen den Nutzen eines Verhaltenskodex für sich selbst, die Geschäftspartner, alle Mitarbeiter und Kollegen.
- Ihre Mitarbeiter wissen, wie sie Interessenkonflikte vermeiden und welche Spielregeln für Zuwendungen gelten.
- Sie kennen die Grundregeln zur Verhinderung von Korruption und verbotenen Wettbewerbsbeschränkungen."
Kartellrecht,"Kartellrechtliche Verbote betreffen viele alltägliche Geschäftsvorgänge im Unternehmen: Kartellrechtliche Fallstricke können in jedem Wettbewerberkontakt, in jedem Vertriebsvertrag, in jeder Preisentscheidung, in jedem Verbandstreffen, in jeder Vertriebsstrategie, in jedem Kundenkontakt und in vielen anderen täglichen Geschäftsvorgängen verborgen liegen. Dieses eLearning unterstützt Sie bei der Umsetzung des Themas Kartellrecht und Sie können alle Mitarbeiter hierzu schulen. So können Sie rechtswidrigen Absprachen vorbeugen und Sorge tragen, dass die geltenden gesetzlichen Bestimmungen in Ihrem Unternehmen eingehalten werden. Nur so können Haftungsrisiken und empfindliche Sanktionen für Ihr Unternehmen vermieden werden.

Lernziele
- Ihre Mitarbeiter wissen, wie wichtig kartellrechtliche Compliance zur Vermeidung von Sanktionen und anderen empfindlichen Nachteilen ist.
- Ihre Mitarbeiter lernen die Grundzüge der Kartellverbote und des Kartellverfahrens.
- Sie bekommen einen Überblick über die praxisrelevantesten Fallgruppen von Kartellrechtsverstößen.
- Ihre Mitarbeiter kennen das richtige Verhalten in Krisensituationen und bei Kartellamtsermittlungen."
Informationssicherheit,"Geschäfts- und Betriebsgeheimnisse wie z. B. Konstruktions- und Herstellungsverfahren, technisches Know-how aber auch Kunden- oder Preisinformationen sind heutzutage der Grundstock vieler Unternehmen. Sie zu schützen stellt eine wichtige Unternehmensaufgabe dar. Dabei geht es zum einen um den Schutz vor Datenverlust. Zum anderen rückt das Thema Datenmissbrauch wie z. B. Datendiebstahl seit einigen Jahren immer mehr in den Vordergrund. Aus diesen Gründen ist der Schutz vertraulicher Unternehmensinformationen von großer Bedeutung, um Ihr Unternehmen vor wirtschaftlichen Schäden zu bewahren.

Lernziele
- Ihre Mitarbeiter erhalten einen Überblick über die wichtigsten organisatorischen und technischen Sicherheitsmaßnahmen, zum Schutz der Informationen.
- An Beispielen aus der Praxis erfahren Ihre Mitarbeiter, wie sie selbst mit dem eigenen Verhalten dazu beitragen können, Geschäfts- und Betriebsgeheimnisse zu schützen.
- Ihre Mitarbeiter wissen, wie sie sich bei Fragen und in schwierigen Situationen korrekt verhalten."
Trade Compliance: Exportkontrolle und Embargos,"Die meisten denken bei Exportkontrolle an die Kontrolle von Rüstungsgütern. Jedoch können auch zivile Güter schnell unter diese Regelungen fallen, wenn sie auch für den Rüstungssektor relevant sind. Zudem nehmen Embargos einen immer größeren Stellenwert ein. Dabei ist es wichtig, bestehende Embargos unabhängig von der Exportkontrolle ziviler Güter zu beachten. Es ist wichtig zu wissen, wie Sie die betroffenen Güter erkennen. Alle Mitarbeiter stehen in die Pflicht: Denn Gewissenhaftigkeit, Genauigkeit und Aufmerksamkeit bei der Aufgabenerfüllung sind unerlässliche Bausteine zum Unternehmenserfolg.

Lernziele
- Sie wissen, wie Sie Dual-Use-Güter erkennen und was Sie beim Export dieser Güter beachten müssen.
- Durch die Bewertung von praxisnahen Fällen lernen Sie die rechtlichen Grundlagen sowie die Sanktionen bei Verstößen kennen.
- Anhand von Praxisbeispielen erfahren Sie, wie Sie frühzeitig Warnsignale erkennen können."
Geldwäscheprävention,"Im Berufsalltag kommen Mitarbeiter in Situationen, in denen sie ungewollt zu Helfern von Geldwäschern werden. Und dies betrifft längst nicht mehr nur einzelne Branchen oder Unternehmen, in denen Luxusprodukte mit Bargeld bezahlt werden. Auch Industrieunternehmen, die Produkte herstellen oder damit handeln, können zur Geldwäsche missbraucht werden. Solche Situationen zu erkennen und richtig handeln zu können, hilft Ihnen, sich selbst und Ihr Unternehmen vor Unannehmlichkeiten, Haftung oder Strafverfolgung und Imageverlust zu schützen.

Lernziele
- Ihre Mitarbeiter wissen, wie sie mit Geldwäsche in Berührung kommen und sich in solchen Situationen korrekt verhalten können.
- Ihre Mitarbeiter kennen die Sorgfaltspflichten für ihr Unternehmen.
- Anhand von Praxisbeispielen erfahren Ihre Mitarbeiter, wie sie sich vor Geldwäsche schützen können."
Digitale Recherche,"Die moderne, von der Digitalisierung geprägte Arbeitswelt konfrontiert uns jeden Tag mit einer komplexen Realität, in der sich Dinge schnell verändern. Unser täglicher Informationsbedarf ist daher sehr groß. Gleichzeitig hat die jederzeit verfügbare Informationsmenge nie vermutete Ausmaße angenommen. Fast zu jeder Frage finden wir im Internet jederzeit eine Antwort. Diese riesige Informationsmenge kann aber auch überfordern, wenn die Zahl der Suchergebnisse explodiert und die verfügbare Zeit gering ist.
Genau deswegen ist es wichtig, dass Sie sich mit den Grundlagen der Informationskompetenz befassen. Das E-Learning begleitet Sie dabei, Ihre Internetrecherchen strukturiert und zeiteffizient zu gestalten. Entwickeln Sie ein Bauchgefühl für einen souveränen Umgang mit dem Internet, einem wichtigen Teilaspekt der Digital Literacy."
Praxiswissen Führung,"15 eigenständige WBTs bieten Führungskräften Unterstützung bei der Bewältigung Deiner neuen Aufgaben.

Nutzen
Die WBTs bieten Führungskräften Unterstützung bei der Bewältigung Deiner neuen Führungsaufgaben."
Home Office: mehr Produktivität und besseres Selbstmanagement,"Auch wenn das Homeoffice in der Arbeitswelt nicht den besten Ruf genießt, kann es sogar in manchen Fällen noch produktiver sein, als im Büro.  Dafür bedarf es nur ein paar wichtige Tipps zu beachten und schon kannst Du mehr Flexibilität & Freiheit genießen - und bist weniger Stress ausgesetzt als im Büro.

Aufgrund der Corona-Krise sind nun Millionen von uns zum Homeoffice gezwungen. Abgesehen von dieser außergewöhnlichen Situation geht der Trend des Homeoffice langsam und branchenübergreifend seit vielen Jahren in Richtung des flexiblen Arbeitens. In immer mehr Unternehmen besteht die Möglichkeit im Homeoffice zu arbeiten. Doch dafür benötigt es viele praktische Tipps, wie Du Deine Produktivität im Homeoffice extrem steigern kannst. Diese erlernst Du hier im Kurs!

Nutzen
Lerne mithilfe dieses Kurses mehr Fokus und weniger Stress im Home Office zu haben."
Social Media Guidelines Online Kurs,"„Gefällt mir“ oder besser nicht? Soziale Netzwerke bieten nicht nur große Chancen für Dich und Deinen Arbeitgeber, sondern bringen auch Risiken mit sich. Aufklärung ist dementsprechend elementar. Du kannst durch Dein Verhalten die Wahrnehmung und das Image Deines Arbeitgebers maßgebend beeinflussen.

Nutzen
Mit diesem Lernprogramm lernst Du die wichtigsten Richtlinien für einen verantwortungsvollen und sicheren Umgang mit sozialen Netzwerken kennen. Du wirst verstehen, wie Du Dich im Social Media in Bezug auf verschiedene Situationen verhalten sollst um Deinem Unternehmen nicht zu schaden."
Marketing Grundlagen,"Die richtige Marktposition für Dein Unternehmen. Mit Beginn des 21. Jahrhunderts mussten die Konzepte der Positionierung im Bereich der Markenkommunikation geändert werden. Klassische Entwürfe waren nicht länger mit den derzeitigen Produktpräsentationen vereinbar. Jungunternehmer, Führungskräfte aus der Abteilung Marketing und Selbstständige haben mit diesem Kurs die Möglichkeit, sich mit den aktuellen Aufgaben von Brandings vertraut zu machen.
Nutzen
Lerne diese drei Funktionen geschickt einzusetzen:

Finden des Alleinstellungsmerkmals (USP)
Effiziente Positionierung zum besseren Hervorheben gegenüber der Konkurrenz
Abstimmen der eigenen Kommunikation mit den Kundenbedürfnissen"
Überzeuge im Gespräch! Die 20 besten Kommunikationstipps,"Die Art und Weise, wie wir kommunizieren, bestimmt die Qualität unseres gesamten Lebens. Dieser Online-Kurs hilft Dir, in 1:1 Gesprächssituationen den Gesprächspartner zu überzeugen und schnell Vertrauen aufzubauen.

In diesem Kurs lernst Du in kurzen und knackigen Video-Lektionen Tipps und Tricks der besten gegenwärtigen und früheren Kommunikatoren der Welt. Unter anderem von Tony Robbins, Simon Sinek, Fischer / Ury, Stephen Covey, Marshal Rosenberg, aber auch von klassischen Denkern wie Plato, Aristoteles und Schopenhauer.

Nutzen
Menschen in 1:1 Gesprächen überzeugende
Richtig kommunizieren mit Empathie"
Leadership Skills,"How to become an inspiring leader!

Every team is defined by its leader. He or she needs to be able to motivate, challenge and – most importantly – steer their team in the right direction.

Tony Hunt, a skilful and well experienced facilitator with experience of working in many countries, explores the qualities that every leader should work towards developing. From the creation of mission statements, to managing Time;  from developing a strategic overview and coming to understand the individual needs of each team member. From aligning a Coaching approach to help create effective Appraisals, this programme provides a toolbox that every leader should consider using.

Furthermore this course expands on:

Effective methods of Communication
The value of Coaching and its use as a leadership tool
Performance Management and Appraisal Processes"
Legal English,"Improve your legal English skills!

Legal English is a field of the English language which deals with law related issues and how to communicate them properly.

This video course includes the three different aspects of legal English:

General English skills
Specific law and legal skills
Communication skills
Lecturer Tim Aghotor guides you through different definitions and explains the following aspects in depth:

Common law
The English legal system
The court system
You will be able to improve core skills like reading comprehension, logical thinking in a legal context and particular wording as well as written legal communication.

Learning content
Course Introduction: Legal English
Introduction into legal English
Basic legal Principles
The English legal System
The sources of law
The English courts
Reading comprehension
Logical reasoning
Formal logic
Legal writing
English contracts
Grammar for law   
Quiz „Legal English“"
Lean Botschafter,"Mit Dr. Markus Maier, Geschäftsführer der LEAN Akademie Deutschland®, lernst Du in diesem Kurs, die Grundhaltung und Philosophie des Lean Managements kennen. Dir werden, unter anderem, die 5S-Methode, sowie die acht Verschwendungsarten nach Muda näher gebracht. Auch die PDCA-Logik wirst Du in diesem Kurs erlernen, sodass Du diese sofort anwenden kannst."
Erste Hilfe Online-Kurs,"In einem Notfall handlungsfähig zu sein, ist mehr als nur wichtig – es kann Leben retten. Weißt Du, was im Notfall zu tun ist? Wann hast Du das letzte Mal an einem Erste-Hilfe-Kurs teilgenommen? Dieses Online-Training frischt Dein Wissen über Erste Hilfe im Pflegebereich auf und bereitet Dich durch Fallbeispiele auf den Notfall vor. Du erhältst Informationen über gesetzliche Grundlagen, lernst die richtige Reihenfolge der Rettungskette und Erster-Hilfe-Maßnahmen bei typischen Unfällen im Pflegebereich kennen."
Verhandlungstraining: Erfolgreich verhandeln,"Im Leben bekommt man nicht das, was man verdient, sondern das, was man aushandelt!!!

In diesem Online-Kurs lernst Du, wie Du erfolgreich verhandelst und wie Du in beruflichen und privaten Situationen mehr für Dich herausholen kannst.
Der Kurs ist ideal für diejenigen, die in ca. 3 Stunden das Wichtigste über das professionelle Verhandeln lernen wollen.

In diesem Kurs lernst Du die Theorie des Verhandelns mit den 10 Grundregeln sowie die 10 gängigsten Manipulationstechniken. Außerdem erklären wir Dir wie Du Dich optimal auf Deine Verhandlung vorbereiten kannst. Somit eignest Du Dir die besten Verhandlungstechniken an und kannst jedes Argument entkräften! Schließlich zeigen wir Dir die Frage-Technik auf, damit Du Deinen Gegenüber analysieren kannst! Darüber hinaus gibt es einen F&Q-Abschnitt bei dem unser Trainer Wlad die am häufigsten gestellten Fragen in seinen Coachings beantwortet!

Neben Theorie gibt es auch praktische Verhandlungsübungen für den Alltag sowie im Bonusteil eine Analyse einer echten Verhandlungssituation."
"Learn statistics, become data smart","Statistics: Basic and advanced principles David Spade did his Ph. D. in statistics, thereby gaining great knowledge in this specific field. In this course he assists students of economics in mastering fundamental and advanced concepts.

Included are elements such as comparing distributions, probability, confidence intervals for proportions and the comparing of two means.

He also addresses the following topics:

Contingency tables
Linear regression
Sampling distributions for proportions and means
Hypothesis tests"
Reklamation - Eine Reklameaktion,"Mehr Erfolg und zufriedenere Kunden durch Reklamationen! Machst Du beim direkten Kundenkontakt alles richtig? Stellst Du Deine Kunden zufrieden und wirst Du so erfolgreicher?

Egal ob Angestellter im Service, Unternehmer oder Freiberufler – dieser Kurs richtet sich an alle, die den Kundenkontakt optimieren wollen.

Die erfahrene Trainerin Gaby Graupner hat selbst jahrelang in Unternehmen gearbeitet und gibt Ihr Praxiswissen an Dich weiter.

Mit anschaulichen Beispielen vermittelt sie

den Nutzen von Reklamationen für das Unternehmen
die Herstellung des positiven Kundenkontaktes trotz Beschwerden
die erfolgreiche und lösungsorientierte Kommunikation in schwierigen Situationen"
Steigere Deinen Verkaufserfolg,"Wie Du Deine Abschlussquote im Vertrieb erhöhst!

Jeder Vertriebsmanager wird anhand seiner Abschlussquote gemessen. Dass der Verkaufserfolg lernbar ist, hat der berufserfahrene Vertriebsexperte und Verkaufsberater mit Spezialisierung im B2B-Geschäft bewiesen.

Dieser Kurs basiert auf der von ihm eigens entwickelten learn2sell-Methode, die den Vertragsabschluss im Vertrieb nachhaltig steigert.

Folgende für den Vertrieb essentielle Kompetenzen kannst Du verbessern:

Verständnis von Kundenbedürfnissen
Methodische und soziale Kompetenzen
Praktische Tools für Vertrieb und Verkauf
Strategisches Denken im Vertrieb"
Schwarze Rhetorik: Manipulation durch Sprache,"Menschen lassen sich durch Sprache manipulieren. Du denkst Dir kann das nicht passieren?
Richtig! Solange Du die Manipulationstechniken kennst und auch weißt wie Du ihnen am besten begegnest!

In diesem Seminar lernst Du, wie du Manipulation durch Sprache lernen kannst, was schwarze Rhetorik bedeutet und welche Formen existieren.

Lerne die Definition von schwarzer Rhetorik und welche Manipulationstechniken es gibt.
Der Fokus liegt hier auf drei verschiedene Themengebiete.

Im ersten Teil geht es um Scheinargumente, die oft bei der Manipulation durch Rhetorik angewandt werden. Bei Scheinargumenten handelt es sich um vorgezogene Argumente. Beispielsweise, wenn man die Argumente des Gegenübers aus dem Kontext zieht wie hier anschaulich erklärt wird. Du lernst, welche Scheinargumente es noch gibt und wie Du diese einfach entkräften kannst.

Des Weiteren wird Dir gezeigt wie Du alle sprachlichen Tricks, die in der schwarzen Rhetorik vorkommen, erkennen kannst. Nach unserem Seminar wirst Du jeden Hochstapler und Blender entlarven können!
Ein Beispiel für einen sprachlichen Trick in der schwarzen Rhetorik ist das Framing bei dem man den Fokus einer Aussage verändert. Beispielsweise spricht man von einem ""halbleeren"" Glas anstatt einem ""halbvollem"".

Der letzte Abschnitt handelt von der kognitiven Verzerrung, also um das Fehlinterpretieren des Gehirns wie es bei dem ""Halo-Effekt"" der Fall ist.

Unser erfahrener Trainer erklärt Dir anschaulich mit welchen einfachen Methoden wir unser Gehirn austricksen können.

Durch das Seminar wirst Du von unserem Rhetorik-Profi Wlad geführt, der zu den erfolgreichsten Turnier-Rednern Europas zählt (TOP10-Speaker bei der Debattier-Europameisterschaft 2015). Er gibt Dir ausschließlich Tipps, die auch wirklich funktionieren!
Wlad ist Autor des des Sachbuchs ""Schwarze Rhetorik: Manipuliere, bevor Du manipuliert wirst!"" (Goldmann) und seine Analysen fußen auf wissenschaftlichen Studien und Experimenten der Sozialpsychologie.
Von nun an wirst Du nichts mehr kaufen oder glauben aufgrund von dunkler Rhetorik!

Schau doch gerne mal in die Gratisinhalte unter „Lerninhalte“ hinein, um einen ersten Eindruck zu gewinnen!"
Schlagfertigkeit lernen: Die 30 besten Schlagfertigkeits-Techniken,"Jeder redet davon, aber was ist genau Schlagfertigkeit und wie kannst Du lernen schlagfertig zu werden?

Schlagfertigkeit könnte man sagen, ist die Kunst schnell auf eine Aussage zu reagieren, und zwar nicht mit einem trockenen Spruch, sondern mit einer witzigen oder passenden Antwort. So einfach es sich auch anhören mag, fast alle müssen es erstmal lernen und entsprechend trainieren, denn häufig ist es nicht jedem in die Wiege gelegt worden. Aber keine Panik! Mit unseren 30 Schlagfertigkeitstechniken wird es Dir ganz einfach fallen und Du musst nie mehr eine Aussage auf Dir sitzen lassen. Entdecke den Schlagfertigkeitsprofi in Dir und verblüffe Deine Mitmenschen mit Schlagfertigkeitstechniken!

Dir fallen auch erst nach Stunden die richtigen Antworten ein und Du ärgerst Dich, wieso Du nicht spontan den passenden Spruch parat hattest? Das geht vielen so, aber schlagfertig werden ist einfacher als Du denkst. Besuche unseren Online-Kurs zu den besten 30 Schlagfertigkeitstechniken und finde heraus, welche Technik Dir besonders liegt. Such nicht mehr ewig lang nach Worten und finde durch unseren Online-Kurs die treffenden Antworten in jeder Situation.

Du lernst, wie Du Aussagen gekonnt konterst und parierst, sodass Dein Gegenüber Dir nichts mehr entgegenzusetzen hat. Durch unser Schlagfertigkeitstraining lernst Du nicht nur, wie Du sprachlich eine gute Figur machst, sondern auch wie du selbstbewusst auftrittst.

Sowohl im Alltag als auch im Berufsleben begegnen wir ständig Situationen, in denen wir schlagfertig werden müssen, ob ein Freund, der einen Witz auf Deine Kosten erzählt oder ein fieser Arbeitskollege. In dieser Situation ist es schwer ein guter Konter zu finden und im Nachhinein ist man enttäuscht von seiner eigenen Zurückhaltung. Mit den Experten von MyCompetence powered by TÜV Rheinland helfen wir Dir deine Schlagfertigkeit zu lernen. Unser Coach Wlad, mit langjähriger Erfahrung, zeigt Dir wie Schlagfertigkeit trainieren richtig geht! Und gibt Dir allerhand Tipps und Tricks für Dein nächstes Sprachduell an die Hand."
Embargos und Finanzsanktionen - Online-Training,"Finanzsanktionen, als Teilbereich der Embargos, haben sich mittlerweile zu einem starken, außenpolitischen Instrument entwickelt. Ziel ist es, Terroristen, Drogenhändler und Unternehmen, die als Handlanger von Staaten oder kriminellen Organisationen agieren, vom globalen Finanzmarkt zu isolieren und somit zu schwächen. In diesem Online-Training geben wir einen fundierten Einblick in das Thema Embargos und Finanzsanktionen. Du lernst verschiedene Arten von Embargos und wichtige Sanktionslisten sowie rechtliche Zusammenhänge und Systematiken der Finanzsanktionen kennen. Außerdem erfährst Du, welche Maßnahmen Du in der Praxis ergreifen kannst, um kostspielige Fehler, Haftungsfallen und Risiken zu vermeiden."
AGG Allgemeines Gleichbehandlungsgesetz für Führungskräfte,"Eine globalisierte Welt ohne Toleranz und Kooperation ist unvorstellbar. Leider ist Diskriminierung und Mobbing noch immer im Arbeitsalltag zu finden. Ziel des Allgemeinen Gleichbehandlungsgesetzes ist es, Mitarbeiter am Arbeitsplatz zu schützen. Als Führungskraft kannst Du Dich mit diesem Lernprogramm sensibilisieren und frühzeitig erkennen, wann Du einschreiten solltest. Ebenso lernst Du, wie Du auch Deine Mitarbeiter über rechtliche Grundlagen informieren kannst."
Geldwäsche-Prävention - Online-Kurs für Güterhändler,"Geldwäsche ist ein Tatbestand, der aus Nachrichten und Zeitungen bekannt ist. Nur durch konsequente Achtsamkeit im beruflichen Alltag lassen sich persönliche Strafen verhindern und den Arbeitgeber vor finanziellen Einbußen und Imageschäden schützen. Mit diesem Lernprogramm lernst Du, Anzeichen von Geldwäsche zu erkennen, gesetzeskonform zu reagieren und somit Deinen Arbeitgeber vor finanziellen Einbußen zu schützen."
AGG Allgemeines Gleichbehandlungsgesetz für Beschäftigte,"Eine globalisierte Welt ohne Toleranz und Kooperation ist unvorstellbar. Leider ist Diskriminierung und Mobbing noch immer im Arbeitsalltag zu finden. Ziel des Allgemeinen Gleichbehandlungsgesetzes ist es, Sie am Arbeitsplatz zu schützen. Als Mitarbeiter eines Unternehmens können Sie sich mit diesem Lernprogramm sensibilisieren. Anhand von Praxisbeispielen auf Basis rechtlicher Grundlagen, wird Ihnen korrektes Verhalten im Umgang mit Diskriminierung und Mobbing gezeigt."
Anti-Korruption - Online Training,"Korruption bedeutet Missbrauch eines öffentlichen Amtes, einer Wirtschaftsfunktion oder eines politischen Mandats zugunsten eines Dritten. Wie tritt Korruption im Alltag auf und welche Folgen kann sie haben? Nach einer kurzen Einführung kannst Du Dein Wissen zum Thema Compliance anhand einer Reihe von beispielhaften Szenarien aus der betrieblichen Praxis überprüfen. Die Module können nacheinander durchgearbeitet werden, oder nach Schwerpunkten über den Verteiler ausgewählt werden. Das E-Learning ist Teil einer Serie von Compliance-Schulungen und wurde in Zusammenarbeit mit eine Compliance Officer entwickelt."
Betrugsbekämpfung Online-Kurs - Aufbaumodul für Finanzdienstleister,Dieser Kurs ist speziell für Finanzdienstleister entwickelt und richtet den Fokus auf Betrugsbekämpfung im Finanzbereich. Er schildert die Schritte der Betrugsbekämpfung und erläutert anhand von praktischen Fallbeispielen verschiedene Betrugsszenarien. Darüber hinaus lernst Du das Vier-Augen-Prinzip und Strategien gegen betrügerische Handlungen kennen.
Betrugsbekämpfung Online-Kurs - Aufbaumodul für Führungskräfte,"Angepasst an die Aufgaben der Führungsebene, erhältst Du in diesem Kurs vertiefende Informationen zum Thema Betrugsbekämpfung. Als Führungskraft eines Unternehmens bist Du dazu verpflichtet, geschäftsschädigende Handlungen aufzuklären und weitere Schäden zu verhindern. Du lernst hier, wie Du durch das Vier-Augen-Prinzip das Risiko von Fehlern und Missbrauch reduzieren kannst. Zudem wird das Anti-Fraud-Management thematisiert und das Betrugsdreieck analysiert."
Betrugsbekämpfung Online-Kurs - Basismodul,"Durch Betrug entsteht jährlich ein Schaden in Milliardenhöhe. Ob privat oder im Arbeitsalltag – Betrug ist keine harmlose Straftat. Du lernst in diesem Kurs Merkmale von Betrug auf nationaler und internationaler Ebene kennen. Ebenso erfährst Du, welche rechtlichen Konsequenzen bei Betrug drohen und was die langfristigen Ziele der Betrugsbekämpfung sind."
Compliance Management im Einkauf - Online-Seminar,Etwa die Hälfte aller wirtschaftskriminellen Handlungen in Unternehmen wird im Bereich der Materialwirtschaft bzw. des Einkaufs verübt. Durch Prävention und Kontrolle im Unternehmen können strafbare Handlungen verhindert werden und die Reputation des Unternehmens und der Beschäftigten geschützt werden.
Laterale Führung - Wirksam Führen ohne Vorgesetzenfunktion,"In diesem e-Learning wird Ihnen die Bedeutung und Relevanz von lateraler Führung nähergebracht. Sie lernen den Unterschied zwischen lateraler und disziplinarischer Führung kennen. Außerdem werden Sie die Funktionsweise lateraler Führung, auch ohne disziplinarische Macht, verstehen und Instrumente lateraler Führung und deren Nutzen kennenlernen. Außerdem lernen Sie, wie Sie einen konstruktiven Umgang mit möglichen Konflikten pflegen können."
Trennungsgespräche führen,"In dieser Lerneinheit lernen Sie, wie man Trennungsgespräche vorbereitet und durchführt. Sie werden die typischen Reaktionen kennenlernen, wissen, wie man mit diesen umgeht und wie man die eigenen Emotionen im Gespräch regulieren kann. Anschließend wissen Sie auch, was es bei virtuellen Trennungsgesprächen zu beachten gilt."
Agile Führung,"In der Lerneinheit zur agilen Führung erfahren Sie die Bedeutung des Mindsets für agiles Arbeiten. Sie werden zwischen Mindset, Skillset und Toolset zu unterscheiden lernen, die wichtigsten Skills für agiles Arbeiten kennenlernen und die wichtigsten Tools für agiles Arbeiten einsetzen können."
Fremdpersonal richtig einsetzen - Was Führungskräfte wissen müssen,"In diesem e-Learning lernen Sie die Möglichkeiten des Fremdpersonaleinsatzes kennen, sowie entscheidende Faktoren über den zu wählenden Vertrag kennen. Dadurch sind Sie in der Lage, Verträge richtig zu gestalten, um illegale Beschäftigungsverhältnisse zu vermeiden. Sie lernen außerdem über die Art und Weise, in der das Arbeitsverhältnis gelebt wird, zu entscheiden und Sachverhalte schnell einzuordnen und im Zweifel Fachleute hinzuzuziehen."
Change Management - Veränderungsprozess erfolgreich gestalten,"In dieser Lerneinheit lernen Sie, wie Sie Veränderungsprozesse erfolgreich gestalten, was einige der bekanntesten Veränderungsmodelle gemeinsam haben, welche Phasen in den allermeisten Veränderungsprozessen durchlaufen werden und welche konkreten Maßnahmen und Tools Sie in den einzelnen Phasen nutzen können. Außerdem erfahren Sie, wie Sie mit Widerständen umgehen können."
Teamentwicklung erfolgreich gestalten,"Sie lernen in diesem E-Learning  motivierende Ziele zu setzen, die Aufgabenverteilung klar zu regeln und eine konstruktive Kommunikation zu fördern. Dadurch wird Vertrauen aufgebaut und das Zusammengehörigkeitsgefühl gefördert."
Teamrollen kennen und produktiv machen ,"In dieser Lerneinheit lernen Sie das Rollenmodell nach Belbin kennen und in der Praxis anwenden. Sie erkennen, welche Rollen besetzt werden müssen und wer für welche Rolle geeignet ist."
Virtuelle Teams – Motivation und Vertrauen schaffen,"In dieser Lerneinheit lernen Sie virtuelle Teams mediengerecht zu motivieren, Vertrauen in virtuellen Teams aufzubauen. Außerdem lernen Sie soziale Vernetzung in virtuellen Teams zu fördern und mediengerechtes Feedback zu geben."
Teamphasen erfolgreich managen,"Sie lernen in diesem E-Learning die Teamphasen kennen und erkennen, in welcher Phase sich das Team befindet und wie Sie in jeder Phase die passenden Führungsinstrumente einsetzen können, um möglichen Dysfunktionen eines Teams entgegenzuwirken."
Virtuelle Teams- Kommunikation,"In dieser Lerneinheit lernen Sie digitale Medien entsprechend zu nutzen und zu verstehen. Dadurch können Sie die Zusammenarbeit sinnvoll regeln, Missverständnisse  vermeiden und virtuelle Meetings effizient leiten."
Interkulturelle Kommunikation in Teams,"In diesem E-learning lernen Sie die Kulturdefinitionen nach Geert Hofstede und Edward T. Hall kennen, um anschließend eine Sensibilität gegenüber kulturellen Unterschieden zu entwickeln. Sie werden die Ursachen von Missverständnissen in interkulturellen Teams verstehen und Führungswerkzeuge zum Managen interkultureller Teams anwenden können. Sie können dadurch Ihre interkulturelle Kompetenz zeigen, entwickeln und erweitern."
Konfliktmanagement für Führungskräfte,"Sie erkennen durch dieses E-Learning, wenn es Konflikte zwischen Mitarbeitern gibt und können einschätzen, auf welcher Eskalationsstufe sich der Konflikt befindet. Außerdem sind sie durch diese Lerneinheit in der Lage, die Mitarbeiter zur eigenständigen Konfliktlösung zu befähigen, geeignete Methoden der Konfliktlösung anzuwenden und Teams mit einem souveränem Konfliktmanagement vertrauensvoll zu führen."
Mitarbeiter motivieren,"In dieser Lerneinheit werden Sie die Grundprinzipien der Motivation kennenlernen, um Demotivation bei Mitarbeitern  erkennen und beseitigen zu können, sowie in der Lage zu sein, individuelle, auf die Mitarbeiter bezogene, Anreize zu schaffen. Außerdem lernen Sie wichtige Instrumente der Mitarbeitermotivation effektiv zu nutzen und Aufgabenbeschreibungen und Tätigkeiten motivierend zu gestalten."
Feedback geben,"In diesem e-Learning lernen Sie Feedback als Führungsinstrument kennen und wie es im Arbeitsalltag angewendet werden kann.
Anhand des „Johari-Fensters“ lernen Sie die Bedeutung des Unterschieds zwischen Selbst- und Fremdwahrnehmung kennen, um Mitarbeitern konstruktives Feedback geben zu können. Sie lernen außerdem, kritisches Feedback vorzubereiten und konstruktiv anzuwenden sowie positives Feedback so einzusetzen, dass es die Entwicklung der Mitarbeiter und des Teams fördert."
Neu in der Führungsrolle,"In dieser Lerneinheit lernen Sie, wie Sie zwischen Fach- und Führungsaufgaben unterscheiden können und die eigenen Stärken und Schwächen erkennen. Dadurch können Sie Erwartungen an Führungskräfte erkennen und mit diesen umgehen. Außerdem lernen Sie Führungsirrtümer zu vermeiden, auf die vielfältigen Anforderungen angemessen zu reagieren und die strategischen Aufgaben einer Führungskraft umzusetzen."
Aufgaben delegieren,"In dieser Lerneinheit lernen Sie delegierbare Aufgaben von nichtdelegierbaren Aufgaben unterscheiden zu können. Durch richtiges Kommunizieren können Sie anschließend professionell delegieren und lernen Instrumente kennen, um delegierte Aufgaben zu überwachen. Sie lernen außerdem Rückdelegation zu erkennen und einen produktiven Umgang mit Rückdelegation zu finden. Dadurch können Sie so delegieren, dass die Teammitglieder sich entwickeln können."
Führen nach Reifegrad,"Sie lernen in dieser Lerneinheit das Modell „Führen nach Reifegrad“ im Führungsalltag anwenden zu können und erkennen, in welchem „Reifegrad“ sich die Mitarbeiter befinden. Außerdem können Sie durch diese Lerneinheit Führungsmethoden flexibel an den Reifegrad der Mitarbeiter anpassen und Mitarbeiter mit abnehmender Motivation neu gewinnen. Sie lernen, wie man motivierte, aber fachlich noch nicht versierte Mitarbeiter vor Überforderung schützt. Hochmotivierten Mitarbeitern können Sie Freiheiten geben, ohne die Ziele aus den Augen zu verlieren."
Mitarbeitergespräche führen,"In dieser Lerneinheit lernen Sie Mitarbeitergespräche mit Ziel und Struktur zu führen, die richtige Einstellung zum Mitarbeiter zu finden und zentrale Kommunikationsregeln einzuhalten. Sie erlernen ebenso die Vorbereitung und Strukturierung professioneller Gespräche. Außerdem lernen Sie Feedback-, Kritik- und Beurteilungsgespräche zu führen, sowie Jahres-, Zielvereinbarungs- und Entwicklungsgespräche führen zu können."